TOI,TIC_ID,Disposition,Period,Rhat,N_tr,FAP_full,worst_LOO_FAP,LOO_survives,dBIC,OC_ratio_mean,TTV_period,dPdE,dPdE_err
1148.01,349827430,,5.551492643028534,1.0091,41,0.003929960700392996,0.015968063872255488,False,6.773627417493543,1.5798277344084495,54.46802160565315,-1.7922983718543723e-08,5.534920036986619e-09
1115.01,379286801,,4.452839229022124,1.0099,16,1.999980000199998e-05,0.03592814371257485,False,99.62529697951933,2.8777084456649606,593.1181853057468,2.340173813052294e-07,6.3624169967005295e-09
1198.01,203189770,,3.6127749048765203,1.0092,36,4.999950000499995e-05,0.015968063872255488,False,61.50536221334225,2.6825394222912493,433.66875048139906,-8.228214735325864e-08,1.0198934138734376e-08
1190.01,287196418,,3.695009014640312,1.0093,189,9.99990000099999e-06,0.18762475049900199,False,2.8796565608684546,1.5881261911516018,7.419500681303885,-8.415616555311927e-09,2.952948963197867e-09
1081.01,253728991,,2.987277788491118,1.0096,16,9.99990000099999e-06,0.031936127744510975,False,10.440068761477164,3.4690350231203064,129.30910333588287,2.8625426247822258e-06,2.726008898395529e-07
1181.01,229510866,,2.103194168182357,1.0096,386,7.999920000799993e-05,0.011976047904191617,False,-0.48342253053698414,1.1154922099280333,189.5054227186072,-2.3686395276346985e-09,1.0124879564667593e-09
125.02,52368076,,9.155175046058469,1.0397,12,0.001809981900180998,0.09780439121756487,False,33.187705187230826,1.9735523690589694,525.2813036015245,5.992091013204574e-06,7.764213867479933e-07
1266.01,467179528,,10.894790455756864,1.01,19,0.0016899831001689982,0.04590818363273453,False,51.16447125550174,1.9047197699513685,281.7603258856576,-2.798694802825451e-06,3.804707057875699e-07
1291.01,198186769,,7.162026972831769,1.0094,116,0.005439945600543995,0.37924151696606784,False,-1.2245134031185216,1.3814601361042382,40.36450257174934,5.031255348829722e-07,2.678216546527786e-07
1333.01,395171208,,4.720184540361748,1.0097,16,0.00927990720092799,0.21357285429141717,False,3.50057975613025,2.1502915955733606,269.56358233761546,-6.213906227208948e-08,2.4809602714528107e-08
1337.01,160708862,,3.3448351473285216,1.0096,18,0.006069939300606994,0.031936127744510975,False,4.6767659707293205,2.788881391731825,32.4013506672656,-1.0464093232918645e-07,3.803033631530205e-08
133.01,219338557,,8.199664232531,1.011,15,0.00023999760002399976,0.23552894211576847,False,262.93043486421044,4.077167378743951,1052.3583660184859,3.7633335858454645e-06,3.2326223072701345e-07
1039.01,461867584,,4.420103855641806,1.0097,34,9.99990000099999e-06,0.011976047904191617,False,17.72732117638523,2.0724084316174953,78.78450194350846,-8.286874076172215e-08,1.797526880897598e-08
1162.01,13419950,,7.316665974216914,1.0099,14,0.0007099929000709993,0.0018199818001819982,True,17.17693484372569,1.9631756222406564,14.647763469984893,-7.890417584283912e-07,1.772565304943012e-07
1279.01,224297258,,9.614180358274119,1.0123,17,9.99990000099999e-06,7.999920000799993e-05,True,-0.26711930476369616,3.0035964927036862,770.8461784858657,-1.0275092715047903e-06,6.414401227201354e-07
1130.02,254113311,,4.0672356014557005,38.2337,17,9.99990000099999e-06,0.004209957900420996,True,4062418.594899793,495.98758596722854,611.9281136594743,4.136814285477918e-05,2.0431093436578594e-08
1642.01,229940491,,37.45904190340786,1.0099,25,0.0041599584004159956,0.027944111776447105,False,-2.070328683518049,0.7527780063583581,86.2324873171245,-3.528256579411689e-06,3.292193854630141e-06
1675.01,81831095,,3.133056791816149,1.0091,21,9.99990000099999e-06,0.021956087824351298,False,49.962504690107004,1.9354769015709468,585.0140650108413,-4.20378488942614e-07,5.773959180618906e-08
1611.01,264678534,,16.201663004743995,1.0096,21,0.0034999650003499964,0.0010399896001039989,True,5.52792798307317,2.2355400513065256,882.5642742057913,-1.1890531449180967e-06,4.0612895261654883e-07
1232.01,364395234,,14.254497903079466,1.0092,41,2.999970000299997e-05,3.999960000399996e-05,True,2.9921680551908594,6.582639506997831,233.99460994421295,-6.856504621619393e-07,2.647242317360037e-07
1124.01,128790976,,3.5187728426229556,1.0074,24,1.999980000199998e-05,0.004519954800451995,True,1859.5325392995164,22.069816396153723,7.18038589328565,1.250359672138287e-07,2.897136539050101e-09
178.01,251848941,,6.557855890067114,1.0125,10,0.00950990490095099,0.2694610778443114,False,60.72423422183496,2.152834612988104,328.79348948093417,2.0372755374084834e-06,1.8373621408062441e-07
125.01,52368076,,4.6516589536353266,1.052,31,9.99990000099999e-06,0.00011999880001199988,True,144.05888621001472,2.4280508012123785,216.75196443626075,-1.0601071107693642e-06,7.430124459539694e-08
1742.01,219857012,,21.268993199469733,1.0099,38,0.004559954400455995,0.00014999850001499985,True,-1.722854377618404,1.9323911659711424,393.5965196479581,-3.2321434908128416e-06,2.3358424288381475e-06
1914.01,53750200,,4.193660904099968,1.0098,19,0.005099949000509995,0.0499001996007984,False,-2.0398003672567775,0.9594450066488337,15.16763213447195,6.799740485750349e-08,7.148976704945256e-08
1917.01,339522221,,1.8210013306657615,1.0087,28,0.004249957500424996,0.1656686626746507,False,-2.0189537515883913,0.988447054277023,5.1392482504143615,3.25605271007488e-09,2.8412778476012206e-09
1921.01,112099249,,5.190719409664776,1.0097,6,0.004129958700412996,0.46706586826347307,False,77.49015073604143,7.025688285505338,273.0771054324606,-6.510922593747445e-05,4.87979253558347e-06
1151.01,69679391,,3.4741011048601917,1.0091,47,0.0006099939000609993,0.011976047904191617,False,34.56962835611331,1.494604473076056,202.3201365327456,6.436479273376976e-09,1.0384122307592608e-09
1834.01,71612483,,1.21644523924983,1.009,48,9.99990000099999e-06,0.013972055888223553,False,248.84580813156435,4.521153014584776,80.5622135911058,2.5281445343866064e-08,1.5903203507178334e-09
1564.01,250724252,,0.559670304310316,1.0097,88,2.999970000299997e-05,0.014925373134328358,False,16.502451238979802,1.3163258571391578,920.937485742625,3.243883257159025e-09,7.082083702033675e-10
2055.01,322062001,,4.698295840962267,1.0089,44,9.99990000099999e-06,9.99950002499875e-05,True,2278.7780037297375,6.743365648687346,206.04790966055398,1.3829416421449602e-06,1.8065031464317842e-08
2132.01,358516596,,3.244078712325437,1.0092,39,9.99990000099999e-06,9.99950002499875e-05,True,45.27329627053132,11.645167459351603,6.920878889030053,5.5244106919310946e-08,7.895703558488108e-09
1408.01,364186197,,4.424707103462069,1.0086,82,9.99990000099999e-06,0.00014999250037498125,True,47.31321899675481,3.348977880461603,138.7833726412237,-1.0607738304627131e-07,1.4741060694308416e-08
2155.01,461591646,,3.7246940227571246,1.0095,58,0.004999950000499995,0.07960199004975124,False,-3.213790154829155,0.9037174755273714,22.938564082416136,2.2290381048379824e-08,2.4225067622445406e-08
216.01,55652896,,34.508826182349225,1.0153,24,9.99990000099999e-06,0.3333333333333333,False,494600.465619565,245.26320420495398,1276.5933730887791,-0.00046985438327385457,6.616412217483125e-07
214.01,167415965,,18.553687850390922,1.0099,41,0.00034999650003499967,0.014925373134328358,False,31.23545785152848,2.2575650865871184,1163.1871370762135,-3.2305340832668953e-06,5.46462674732453e-07
216.02,55652896,,17.385752553812466,1.0216,34,3.999960000399996e-05,0.00014999250037498125,True,45043062.35312334,7.634135633451976,580.0296716809792,0.0032553487399317547,4.853715796348309e-07
2204.01,467971286,,2.225254634962469,1.0097,32,0.0015799842001579985,0.05472636815920398,False,-3.4209318738532595,0.6992522517901902,10.99447184282217,-1.9424931496245458e-09,9.180423894222375e-09
2202.01,358107516,,11.91319768557841,1.0099,44,9.99990000099999e-06,4.999750012499375e-05,True,393.329428995723,20.274758884552373,699.3207596659399,-3.0779397837065354e-06,7.69053631532412e-08
2302.01,144000801,,1.3103747812219715,1.0097,30,0.0004999950000499995,0.014925373134328358,False,-0.8358141838710367,2.946969631230641,2.620749562443943,-2.5920155016924814e-07,2.0923026628200824e-08
2001.01,118084044,,2.743528364660061,1.0096,73,0.00015999840001599985,4.999750012499375e-05,True,7.364330146782777,8.24620107231309,6.929642527965574,2.8044255293452753e-08,8.215793946268276e-09
2367.01,441159680,,5.749874392726976,1.0095,13,0.0006299937000629993,0.03482587064676617,False,14.633335005114738,1.6543053679305058,64.39859319854213,1.460937199117356e-07,3.5228006582953556e-08
2377.01,146165619,,1.6766579895368836,1.0089,33,0.0057199428005719945,0.42786069651741293,False,-3.485741453955164,1.154967336740761,178.23155721251842,1.138094672995656e-09,1.0969025232980158e-08
2489.01,279327604,,1.4268675533348691,1.0094,46,0.008849911500884992,0.029850746268656716,False,0.2615917016411373,1.1295982686372554,3.019611578668031,-7.265940788341267e-09,3.592743067390371e-09
182.01,76989773,,1.7691563961498638,1.0096,49,9.99990000099999e-06,4.999750012499375e-05,True,4765.109730558304,9.99876146089388,277.99667584164536,-4.7655512848144635e-08,2.532984322320769e-10
2579.01,103751498,,3.7146458833748013,1.0098,41,0.00011999880001199988,0.16417910447761194,False,28.165621043569033,2.3574631397932584,266.88717586807024,6.98351368736816e-08,1.2368590603465339e-08
2587.01,68007716,,5.4566483690412655,1.0095,11,0.004349956500434996,0.44776119402985076,False,-2.2997247012088593,0.7631373648633553,16.534312299915754,3.21069197524876e-08,1.0247237404284616e-07
2648.01,231833236,,4.775939492045671,1.0092,26,9.99990000099999e-06,0.014925373134328358,False,-1.885365641604693,3.7781385611429807,396.32992331601173,-9.264031453058202e-08,7.906919533462124e-08
270.01,259377017,,5.660573879095482,1.0097,20,0.008099919000809992,0.10945273631840796,False,4.358688502547615,1.3109618725598988,126.81762763991897,1.8332027208794173e-06,3.01401748711369e-08
2729.01,39724477,,4.03501535786025,1.0092,12,0.00890991090089099,0.07462686567164178,False,-1.4655241472171312,0.7260684666347961,8.748088049926029,-2.3791602055899927e-08,2.3566003459313242e-08
2525.01,149601126,,23.344962866269675,1.0525,27,9.99990000099999e-06,4.999750012499375e-05,True,2604.1640607128356,1.505281752791555,429.72253274407524,7.25780875216346e-05,1.3524891006846347e-06
2762.01,79431527,,3.9072375089750997,1.0098,20,0.004819951800481995,0.208955223880597,False,-2.9498064523147143,1.0034027376003043,9.963437178607634,7.601790976686343e-09,3.5471476715756565e-08
2818.01,151483286,,4.039699787715692,1.0095,24,0.008419915800841992,0.06467661691542288,False,20.494332393271897,1.3610493094381604,217.86543466434898,-5.8525900240486986e-08,1.2028917500426984e-08
2823.01,271035369,,4.796237737142605,1.0096,14,0.007779922200777992,0.0845771144278607,False,16.388499059590913,1.801639635153499,140.6923778681335,2.0832459000746636e-07,4.775845192993578e-08
2834.01,156172268,,4.639118607601524,1.0098,18,0.00010999890001099989,0.14427860696517414,False,313.10991968713506,3.812756467918325,271.4805386935165,-3.350543409960991e-07,1.884820186646011e-08
2837.01,238020894,,0.8601868958537817,1.0095,88,9.99990000099999e-06,0.21890547263681592,False,-4.38725098552726,1.2777433968853857,679.7581356142059,3.706592192019605e-10,1.2349356821069195e-09
2946.01,302798365,,4.918645196166681,1.0094,36,0.007149928500714993,0.263681592039801,False,0.9236043684622217,1.250424949473076,9.896193928827818,4.2855342615908816e-08,2.0186707057703008e-08
2954.01,464328419,,4.840118704652342,1.0093,30,9.99990000099999e-06,0.0945273631840796,False,48.55396691151728,2.965238130025105,447.8645688527877,-1.7890175639999202e-07,2.4819914674969132e-08
297.01,115242351,,5.674832511194069,1.0089,9,0.008509914900850991,0.582089552238806,False,-1.7045298637357913,1.170104977641265,352.5432160169729,1.55193500277964e-07,2.2110868023814247e-07
2993.01,48768158,,2.3371988091514413,1.0174,22,9.99990000099999e-06,0.06965174129353234,False,-3.0910423055805722,2.410452294895704,354.7333479408128,2.5112609682757887e-11,2.996822547832726e-08
2995.01,36381058,,1.656618162945679,1.0094,81,0.0026499735002649973,0.01990049751243781,False,-4.388148831024509,1.1200562537848866,40.4942527706815,2.077758844642956e-10,2.6170609941591184e-09
3022.01,287721202,,8.990978893347915,1.0098,39,9.99990000099999e-06,0.000199990000499975,True,128.54960759444333,2.12731812288498,1110.3468021158876,1.3656461984164852e-06,1.1876842810378885e-07
3094.01,272645619,,2.8396770982964026,1.0091,44,0.0003099969000309997,0.024875621890547265,False,21.619069457009175,1.3186916598384375,1100.374875589856,1.221411736016131e-07,2.4233712686473443e-08
1150.01,16740101,,1.481118406959856,1.0088,91,0.00011999880001199988,0.00024998750062496874,True,-1.5950633227778326,3.0478895288717007,363.4096048964982,3.2549918771441055e-10,1.9061904640387901e-10
3123.01,60768923,,1.870347859789931,1.009,27,0.0014899851001489986,0.014925373134328358,False,-1.2675138766109626,2.3634008912676983,58.55413657314224,2.1367711897380305e-08,1.5003198401422852e-08
3150.01,195256633,,5.343093798266601,1.0098,16,0.0031999680003199967,0.11940298507462686,False,-0.7046565239591658,1.323699849094793,24.09351884464072,5.782880980235173e-07,4.0213815442550097e-07
3214.01,312508092,,5.776009443591716,1.0095,11,0.001079989200107999,0.24875621890547264,False,-2.349006349178005,1.0833767867989652,11.819896611630579,-6.30767637940695e-08,2.8523744710527135e-07
3225.01,401952328,,9.150942817835666,1.0096,6,0.004249957500424996,0.39303482587064675,False,1.9266141070772385,1.2438924945196792,209.29483942239804,-0.00017952897133142464,7.118473458897797e-05
3272.01,388280249,,3.1467060534372377,1.0099,59,0.007409925900740993,0.06467661691542288,False,1.1507156640216039,1.0774762187859883,7.253746019480553,7.443423405307325e-08,3.255138358744165e-08
327.01,206669860,,10.055086007831251,1.0096,6,0.003979960200397996,,False,-1.3101729728965683,0.4782538857885957,21.50879554675863,-4.364103270838203e-07,6.288658075670104e-07
3282.01,219924802,,2.9478215282933378,1.0092,25,9.99990000099999e-06,0.01990049751243781,False,-2.7866405297555303,2.1554962093742964,6.089667125481566,1.9026246605083154e-08,2.8933015357769118e-08
3296.01,456560485,,5.943270190700779,1.0099,14,0.004919950800491995,0.16417910447761194,False,2.12031167428259,1.4192130277545068,503.7240853747888,2.0475893077422557e-07,8.567892646945896e-09
3299.01,390723664,,2.9239053917274758,1.009,26,9.99990000099999e-06,0.6169154228855721,False,-3.172786198406797,3.0212624444238503,805.3123676457801,-1.951834160027057e-08,6.684266045434535e-08
3344.01,57093805,,3.2257430262012097,1.01,29,0.004749952500474996,0.9850746268656716,False,-1.8542751933620067,1.4728663941980937,465.7490922255919,3.572372055889851e-08,2.905836341603075e-08
3345.01,21997420,,2.1917724655039525,1.0095,34,0.0028599714002859973,0.0845771144278607,False,-2.7499291514572164,1.4681718724670891,34.081064114436785,1.0921587884326613e-08,1.2394464065254008e-08
3346.01,6404965,,4.86471545618136,1.0098,12,0.00013999860001399987,0.15920398009950248,False,-2.4252622326896685,2.17846581435997,762.4938231137779,-2.3527557190365617e-08,9.635667297141293e-08
2315.01,302333151,,1.4406970183189525,1.0096,46,9.99990000099999e-06,9.99950002499875e-05,True,176.622643542636,2.5317907428758746,202.63243787385042,-4.012333979666686e-08,1.3611284842517084e-09
3391.01,173824688,,4.710109846740089,1.0098,21,0.008609913900860992,0.014925373134328358,False,-2.308117855803836,2.1512530210456307,756.9695554920452,-1.0165247958716716e-07,1.1845552616717986e-07
3415.01,386456916,,3.571386168882124,1.0092,21,0.003799962000379996,0.35323383084577115,False,20.184276710433586,1.1931018800948086,196.56061017366687,-2.808408364428695e-07,5.827036583795434e-08
3444.01,161299119,,2.718859132838138,1.0094,22,9.99990000099999e-06,0.029850746268656716,False,58.176884765261896,2.2139304043693593,437.9424491757232,3.0208745489444175e-07,3.859361313267062e-08
3464.01,290504044,,3.6515595445603086,1.0098,13,0.005909940900590994,0.23880597014925373,False,5.076444064776059,1.5154126904913057,7.368842856595361,4.182425348226131e-07,1.5130140091062136e-07
1077.01,369960846,,1.6062643485896766,1.009,117,0.0007599924000759993,0.014925373134328358,False,-3.0968684445522854,1.1090862962888226,409.4574220966693,2.3325999384809537e-09,1.8075101485573868e-09
3569.01,436314778,,4.595681740870759,1.0096,23,0.00903990960090399,0.6716417910447762,False,19.596702671448156,1.8645345315050077,490.8708365107428,-1.303701636419253e-07,2.7343707931372586e-08
3374.01,131025778,,2.654332769656941,1.0099,34,0.0005999940000599994,0.014925373134328358,False,-3.4845586602417313,1.52925547746028,10.61953829737843,-1.948627192112451e-09,9.532682514028665e-09
3602.01,331146317,,2.387450421521084,1.0098,58,0.001979980200197998,0.7562189054726368,False,-4.056333507442126,1.2807996354601838,4.774900843042168,5.033796955328845e-10,7.853569991144319e-09
3619.01,64938667,,3.198759466762758,1.0094,45,0.006489935100648993,0.22388059701492538,False,-3.767660107849153,1.5737829554833243,6.397518933525516,9.048455621594846e-09,4.5816247428155925e-08
3646.01,445407434,,2.179550522554904,1.0098,28,0.008139918600813992,0.15422885572139303,False,6.340104149928628,1.565090263328387,43.89003829266323,3.288028027219028e-08,1.0572320315716245e-08
3661.01,370123525,,2.648085549993337,1.01,17,9.99990000099999e-06,0.03482587064676617,False,219.2149153820527,4.346209241290731,91.1809056883743,-2.371330132542958e-05,1.3669847896654608e-06
3686.01,13533330,,5.078140217772042,1.0095,13,8.99991000089999e-05,0.014925373134328358,False,427.03726232463,6.716022852498532,843.56842998376,5.459817575535175e-07,2.6341783589399785e-08
3691.01,240959810,,3.3411631070657735,1.0092,17,0.002049979500204998,0.13930348258706468,False,-2.8331872558592757,1.4497824999782203,123.79810298585807,1.5421289926111608e-10,3.0303122209773906e-08
3698.01,266425782,,2.34740446519675,1.0096,16,0.00013999860001399987,0.2537313432835821,False,-0.48455847076368386,1.8077892910664357,4.6948089303935,-2.5152928111354356e-06,4.945376002038945e-07
3735.01,317252733,,3.352569349202982,1.009,13,0.008049919500804992,0.31343283582089554,False,-2.383721152679584,1.3999222405332503,124.19168634221909,6.44390738532793e-09,1.5136602812604503e-08
175.01,307210830,,3.6906756563723198,1.0096,155,9.99990000099999e-06,4.999750012499375e-05,True,2.4428354127357466,1.457384457397712,395.3780175971318,1.0812040646775263e-08,3.951771484584531e-09
3850.01,143008050,,14.484098248436718,1.0093,8,0.0014199858001419986,0.43283582089552236,False,338.31964659435533,9.619490715398952,502.8652618702985,3.3074116539940914e-05,2.2471226605080106e-06
3940.01,346081845,,3.4895750051406367,1.0093,22,0.0022899771002289977,0.4527363184079602,False,1.5838725932226403,1.1599967412571992,379.3066673637515,1.1042823773483409e-07,5.1073411271829375e-08
396.02,178155732,,3.5852833716781762,1.7416,14,0.004639953600463995,0.39800995024875624,False,77.40112176032183,2.575609044235823,110.55580425466474,-1.4801451935505027e-05,9.461830775185099e-07
3587.01,267373896,,4.15848693621968,1.0093,40,0.0013399866001339987,0.0024998750062496873,True,-3.4890543181702043,0.9584723989096906,14.065700839837787,-1.4815271540267499e-08,3.3142621339144014e-08
4195.01,67598139,,5.441885506521432,1.0085,12,0.007009929900700993,0.38308457711442784,False,-2.1748158854153203,3.094232461969723,391.0012366734266,-1.2250722950141895e-07,2.2002872442262327e-07
4125.01,147761049,,4.715694568464947,1.0098,29,9.99990000099999e-06,0.000199990000499975,True,-3.3528348338762584,1.9575052180236465,53.972493805789576,-1.3772094153811498e-08,1.1446909595482089e-07
4230.01,128127712,,1.9403143241781449,1.0088,31,0.0003999960000399996,0.31840796019900497,False,-2.430113061518476,1.3182278564153158,250.9541204525997,-1.831482648305244e-08,1.82796082541994e-08
4241.01,4102368,,3.112419948126913,1.0098,15,3.999960000399996e-05,0.0845771144278607,False,0.3976502374234041,1.690660992873098,435.629776277238,-2.0268906768158957e-06,2.6173722788752405e-07
427.01,70914192,,0.6090255311123597,1.0098,76,9.99990000099999e-06,0.04975124378109453,False,214.57443739299424,5.9113725309376965,67.03826169740884,-2.3342888683275213e-07,2.374600458261954e-09
2030.01,422656370,,1.3254516128707168,1.0092,119,1.999980000199998e-05,4.999750012499375e-05,True,37.20169181134406,1.5206785589888485,547.3366450624518,-1.6178080168815453e-08,2.496902294434235e-09
3559.01,184468386,,2.540223558143349,1.0096,63,9.99990000099999e-06,4.999750012499375e-05,True,-2.6440874542005304,1.5260789061886582,6.538547251972265,-2.2604090778186914e-08,1.8462882735735475e-08
4432.01,198610218,,3.041364828788543,1.0095,50,0.0001999980000199998,4.999750012499375e-05,True,0.6968211818661985,3.4670583492048697,107.86201356675711,-2.478189323176563e-08,1.1543367871918252e-08
4226.01,127328218,,2.962998449839542,1.0095,26,0.0006199938000619994,0.0022998850057497125,True,158.06878257470788,2.747090749127432,225.69893146172245,3.868869412103326e-07,1.7068679184116093e-08
4486.01,99224131,,2.691559534376361,1.0088,39,0.00011999880001199988,4.999750012499375e-05,True,84.06019961597096,2.6235137044921104,423.40545486199585,-5.2739863211786256e-08,5.630868908909005e-09
4519.01,419957393,,5.889828213664536,1.0095,16,2.999970000299997e-05,0.5671641791044776,False,-1.1948240538523756,0.915253329190162,11.956887570575063,-5.029729778227488e-07,4.004245900445219e-07
4599.02,307809773,,5.706082652246936,1.0094,18,0.0047299527004729955,0.03980099502487562,False,-1.4525473424645767,1.4921519961067342,81.38859767230532,1.0411100183770747e-06,8.679671849087419e-07
4495.01,120826158,,5.183350018098849,1.0098,32,9.99990000099999e-06,9.99950002499875e-05,True,383.6866914144947,4.0390803221267975,162.68411586076078,2.3806562949018017e-06,9.145364618322267e-08
4731.01,438368981,,1.4553742573446862,1.0083,101,0.00033999660003399966,0.01990049751243781,False,14.016166528687307,1.0195244287468908,803.3982515682047,9.726679268391454e-09,2.253424011607046e-09
4741.01,291198795,,2.484364584632903,1.0097,15,0.0007599924000759993,0.48258706467661694,False,-2.4487773832748374,2.8533449797119923,513.1367935476424,-5.60898077262408e-07,5.422075099099017e-08
476.01,156987351,,3.0629836657823635,1.0098,51,0.005809941900580994,0.04477611940298507,False,284.85482326623423,15.015519949430264,37.1849507608252,-3.305168475975903e-08,1.9449307169688857e-09
4770.01,112110888,,1.9491719185410579,1.0099,31,9.99990000099999e-06,0.14925373134328357,False,-2.6437336046722066,4.3938256802306945,184.28127303099183,-3.664615523740101e-08,4.120825941788405e-08
4775.01,412521892,,2.473257699081591,1.0099,40,9.99990000099999e-06,0.06467661691542288,False,262.50089671082173,2.7816790529959805,585.7012801057376,1.720592779711197e-07,6.0234663732650025e-09
4825.01,53047383,,2.818375739875293,1.0095,45,0.005059949400505995,0.12935323383084577,False,-3.767679456910521,0.8977570879665769,8.955642785459196,-5.744558779597139e-09,2.9095456158426548e-08
4844.01,143994382,,4.542507156711308,1.0096,38,0.00024999750002499977,0.07960199004975124,False,-2.232998320161883,1.0098527135826711,9.085014313422615,-6.485794102154163e-08,5.4725336731189065e-08
4920.01,132611413,,2.5246843116149957,1.009,26,9.99990000099999e-06,0.11442786069651742,False,88.42896702492905,3.0352086490951495,121.08373817077712,1.4335429077515207e-06,1.3772351788368784e-07
4942.01,166242494,,7.924640055831155,1.0097,9,0.0048699513004869955,0.029850746268656716,False,1.8543915696983841,1.1467797110052793,38.24500200857644,-4.573683947632759e-06,2.2722471718229803e-06
4945.01,332017079,,1.6500331956435876,1.009,35,9.99990000099999e-06,0.05970149253731343,False,1.0600635860499779,3.5362602584152585,66.97853195131883,4.6111866635932173e-08,2.1462197199420587e-08
4959.01,290337456,,4.60117202096934,1.0095,14,0.006179938200617994,0.07462686567164178,False,-2.4828646899900875,0.9763591735568816,9.37846969655444,-1.6923940758266813e-07,4.282317422293673e-07
4992.01,362111691,,4.880773805623367,1.0099,15,0.007299927000729993,0.3383084577114428,False,-1.4893218160396131,0.8208184791424366,26.10332405995049,8.802389462723121e-08,7.973230957849003e-08
5054.01,401704685,,4.210015589966279,1.0097,35,0.007099929000709993,0.01990049751243781,False,-3.425490168540051,0.9352343150213791,9.106474766830331,-1.805974068131997e-08,5.011557860124736e-08
5088.02,234388232,,13.410977050378637,1.0097,13,0.0004999950000499995,0.9253731343283582,False,-2.5619433890733676,0.24954002438016523,28.344148559983726,-3.333893670332438e-06,6.0854505662178054e-05
5128.01,406495245,,7.601497790229687,1.0097,8,0.005839941600583994,0.4427860696517413,False,134.50477877371668,5.132462350169096,145.1203036292841,-5.48222915361915e-05,1.7229876730550505e-06
5182.01,99654378,,7.3032457100799055,1.0149,18,0.004459955400445996,0.0845771144278607,False,18.924303787666773,2.96295738095205,227.54640924458317,-4.4395222294249154e-06,9.505294076061501e-07
3846.01,149918151,,1.5407738841469591,1.0091,57,0.00027999720002799973,0.0006999650017499125,True,11.822538554000076,1.8596213121963527,125.0619678083925,1.1288083173919693e-08,2.8339594166078794e-09
5292.01,33397739,,2.0219530195632025,1.0135,23,9.99990000099999e-06,0.0007999600019999,True,-3.1123149052926067,2.69123456372861,410.37382348335876,6.154185619166295e-09,4.040232022590979e-08
5410.01,76882795,,4.10674861515942,1.0092,21,0.0033099669003309965,0.0845771144278607,False,-3.0336130977065565,1.2320979596093733,16.419209155206097,3.083115928171096e-07,2.969190518281256e-06
5607.01,233070717,,3.2750898796408854,1.0095,221,0.0003899961000389996,0.7512437810945274,False,-5.382782677380305,1.3810696358731276,9.706213252974145,3.17418367857351e-09,2.559414980001366e-08
5734.01,9989136,,6.1842670025987765,1.0098,11,0.0027799722002779972,0.36318407960199006,False,-0.2202081461234684,10.231830818953847,239.77035196362917,3.1915619476514394e-07,2.1621381351139836e-07
5821.01,354619337,,2.148767815901211,1.0084,17,1.999980000199998e-05,0.011647254575707155,False,-1.3865785780131112,1.032589960673132,323.63847658526385,-9.132858525720689e-08,7.603809380174056e-08
5834.01,281118572,,3.5242845007781654,1.0099,8,0.0001999980000199998,0.01990049751243781,False,-2.0452568005718277,1.274213724196669,7.083364753971755,-2.3213908600402783e-07,1.2637891234282972e-06
5869.01,210169818,,3.3885300108668015,1.0092,21,0.0007999920000799992,0.24875621890547264,False,-2.8264506080878746,1.1477433253861808,8.915808622327736,1.076922361161829e-06,1.4418817218337835e-07
5871.01,373816781,,1.343633761727873,1.008,89,0.00012999870001299986,0.014925373134328358,False,1.0033107286689074,1.6698043023798037,9.09920537629062,-9.616500310953146e-09,4.1036195178614005e-09
5935.01,276704866,,3.02004033564311,1.0093,50,0.006319936800631994,0.029850746268656716,False,-3.69386533851457,1.0672998032228458,526.2991012945943,-1.8340058933347414e-08,3.9266151646923e-08
6011.01,414019147,,2.3179708240400916,1.0099,46,0.0014199858001419986,0.01990049751243781,False,-1.8642281689916445,1.5340064143699168,33.72258759547667,2.1935685545276862e-08,1.565071395149241e-08
6015.01,288246496,,4.305012196889502,1.0095,11,0.009009909900900991,0.05472636815920398,False,-2.0995727469581507,0.9309185474034459,21.192311688945406,-1.310664728242226e-06,2.407117658518679e-06
6022.01,455947620,,1.9281030314267635,1.0097,56,0.0004699953000469995,0.014925373134328358,False,0.5467761656887546,0.9377566707318733,3.8833041949716227,-4.583218351847233e-09,2.143437380613606e-09
4496.01,275758701,,1.1880302080491676,1.0098,137,2.999970000299997e-05,0.014925373134328358,False,-2.06663005104042,1.4302294477402113,5.782173199999811,-3.934348326064817e-09,2.329492390399799e-09
6097.01,293743169,,1.1256817868732358,1.0095,32,0.0011299887001129988,0.22885572139303484,False,45.631411614908075,1.303275932643749,83.39106242402576,1.8060282656121038e-06,1.7046551156997433e-07
6103.01,92590258,,3.2430847346122973,1.0098,21,0.0015799842001579985,0.8706467661691543,False,4.215394834709386,0.7943021351862858,6.531530939157353,-1.99241483272417e-06,7.39011008361212e-07
6124.01,269488987,,2.8474760094819187,1.0095,41,0.006779932200677993,0.014925373134328358,False,5.244040102272109,1.2393020953138445,435.99913970979406,-3.950367232887065e-08,1.3199019994711946e-08
6166.01,190822775,,1.802118966214524,1.0097,22,9.99990000099999e-06,0.03980099502487562,False,5.010755945164981,1.9264689896250409,3.6332079544526716,-3.086613331426253e-07,5.6532342466760786e-09
620.01,296739893,,5.098791237112486,1.0097,16,0.003159968400315997,0.029850746268656716,False,-2.193897995533632,2.6991852828731027,276.0191283124115,-2.8051855748361764e-08,3.688247514855354e-08
6272.01,33303538,,2.5140805379987863,1.0099,18,0.00011999880001199988,0.014925373134328358,False,-2.8673270978297296,2.857113662972165,5.088466096677918,-1.880433837647927e-07,1.2730775319905837e-06
6316.01,444753130,,3.00574762003183,1.0082,13,0.007669923300766992,0.3482587064676617,False,-0.7038069153674229,1.256055446837939,921.2616455397559,4.234518352990208e-07,3.108073598760282e-08
6350.01,266609407,,2.4766611004056296,1.0096,8,0.008569914300856992,0.3034825870646766,False,-1.727181027935071,0.5928172114384055,5.03859876531966,4.5337356632772616e-07,3.112563352741487e-08
6439.01,122981686,,2.989627995480646,1.0099,15,0.0013899861001389986,0.012468827930174564,False,66.50681005064999,2.489941184220489,309.45088649302437,-2.1007821207624722e-07,2.5251141363062208e-08
6464.01,190643105,,9.674252717520915,1.0091,7,0.008859911400885991,0.9353233830845771,False,1.628543128601752,0.8885334534570273,19.977289693488576,2.7677582664405517e-05,3.4852929998920955e-06
649.01,35582553,,0.9370967938651539,1.0092,51,9.99990000099999e-06,0.12935323383084577,False,-2.2872438359955254,2.834762164179868,243.4905905315411,-3.518760098105255e-09,2.743819417118469e-09
4371.01,450649506,,1.0604454583651721,1.0096,75,9.99990000099999e-06,4.999750012499375e-05,True,-0.14640113222344553,1.8134458023640707,360.1648432563855,2.6827728517988007e-08,1.3135852858871728e-08
5375.01,71268730,,1.72155492773725,1.0087,73,9.99990000099999e-06,4.999750012499375e-05,True,-3.872975861666532,2.8034441110610953,13.678737768235903,-1.7202348943435447e-09,2.6623285796025717e-09
6618.01,350432166,,35.788453919186985,1.0094,17,0.00881991180088199,0.40298507462686567,False,-2.673429097022069,0.7346500243809415,74.75727227447527,-2.738613427505047e-06,6.851369690128434e-06
651.01,72090501,,1.069788683861633,1.01,41,9.99990000099999e-06,4.999750012499375e-05,True,3722.5540134148396,30.767248594206865,184.22603858036467,1.352190336381022e-06,7.3085669067339925e-09
6757.01,89659632,,3.493824971385651,1.0097,12,0.00896991030089699,0.8258706467661692,False,14.942059802558248,4.060719743912139,145.11223584654493,2.1043205382402672e-05,3.242759722309271e-06
6779.01,467931774,,1.3504907169413571,1.0091,51,1.999980000199998e-05,0.3681592039800995,False,1.2829563123565109,1.400033309794395,2.7036812446313028,1.3973069407501422e-08,6.118891316795534e-09
677.01,280206394,,11.236603175064673,1.0091,17,0.0045799542004579955,0.014925373134328358,False,6.94498507872779,1.637644216726748,491.7306595650757,1.2478145747848476e-07,3.9904232073412503e-08
7045.01,21720215,,2.277598820093508,1.0089,8,0.005699943000569994,0.04975124378109453,False,96.22435362022095,2.1996586568052163,321.6971038407173,-1.1799661618515315e-05,1.1582521448137664e-06
7079.01,287191183,,12.125300875272782,1.0093,11,0.0018299817001829982,0.04975124378109453,False,0.2201545133751992,1.2998379602488663,26.933935719094055,-1.1772372567197779e-05,2.788448108702739e-06
1179.01,148914726,,1.2615327588624514,1.0098,128,1.999980000199998e-05,9.99950002499875e-05,True,65.58814308846465,1.1433649447756933,97.21863271972404,1.159862396546848e-08,1.3819589011076342e-09
7564.01,318756174,,3.379983085360435,1.0095,8,0.005889941100588994,0.11442786069651742,False,73.39677140828161,6.772047436649747,86.8890004874215,-8.310104613597065e-06,9.516611526199329e-07
7576.01,206947218,,3.953168183591944,1.0099,22,0.0047299527004729955,0.7661691542288557,False,8.751641345941955,1.4618584010856241,7.906336367183888,4.2564247231190735e-07,6.614527937572304e-08
782.01,429358906,,8.02399625724474,1.0095,10,0.005439945600543995,0.27860696517412936,False,-2.2095755701451694,0.802942102908914,17.668728975411458,7.35443244908689e-08,2.4115705022839303e-07
6753.01,301248781,,1.0169855477201704,1.0093,44,9.99990000099999e-06,9.99950002499875e-05,True,-3.777692172187926,1.6157797525933963,52.42098232339423,-5.723013605294357e-10,7.0999758971680765e-09
1044.01,463402815,,1.0085061166004468,1.0097,126,9.99990000099999e-06,4.999750012499375e-05,True,-2.127714894556334,1.6512278762570185,72.57718530984917,2.3972544242282826e-09,1.4566397978482162e-09
837.01,460205581,,8.32488727626196,1.0099,19,0.0007199928000719992,0.05472636815920398,False,-2.8229078911322567,1.9921572559662302,665.7284629145615,-2.5447963466936397e-08,7.299191404602203e-08
608.01,186547153,,1.19084021961061,1.0091,78,9.99990000099999e-06,4.999750012499375e-05,True,92.26129332060475,1.839076912613372,1112.840185226115,3.134079457691989e-08,3.1884621253254098e-09
924.01,382068562,,12.127242732110751,1.009,59,9.99990000099999e-06,4.999750012499375e-05,True,2510.314718308506,7.199361316697522,1139.4043190828618,-2.448497484369274e-06,1.8770991821691088e-08
831.01,307610438,,1.5617153644027817,1.0095,39,9.99990000099999e-06,0.0006499675016249188,True,9051.004288376138,15.702743619598952,279.72340839794464,-1.8631559849616983e-07,1.20911016379411e-09
311.01,434105231,,0.7963170354182857,1.0098,117,9.99990000099999e-06,4.999750012499375e-05,True,747.7913815064342,4.0295793228272405,304.1752191121061,8.473795783535866e-09,3.0889316264335224e-10
1425.01,350132371,,1.0318247757897299,1.01,217,9.99990000099999e-06,4.999750012499375e-05,True,1612.3092195699555,3.534365371378861,202.9780848471847,1.0439489481181211e-08,2.5955652639315233e-10
656.01,36734222,,0.813473886809591,1.0096,109,9.99990000099999e-06,0.00034998250087495624,True,-4.678066157882654,1.2710925173509569,656.3422211897255,-6.3470816814024375e-12,5.508634108274503e-11
749.01,5868998,,0.6355291282320544,1.0088,104,2.999970000299997e-05,0.00014999250037498125,True,36.40174992430582,1.1139936523099878,305.964305411191,9.58879720523808e-10,1.4966596701477434e-10
472.01,52280468,,0.5682599506672971,1.0087,149,9.99990000099999e-06,0.00044997750112494374,True,38.81297446956091,1.2052500314900447,1110.3799436038985,1.8866441056207168e-10,2.8501637876857103e-11
171.01,309257814,,1.23861160846539,1.0092,304,9.99990000099999e-06,9.99950002499875e-05,True,302.32930799303676,2.703779891367316,1290.0139902167036,8.378499845559862e-09,4.773674656957584e-10
124.01,29831208,,1.8428075986224237,1.0096,427,0.006159938400615994,4.999750012499375e-05,True,-5.997429190785738,1.2595815416819087,417.8768272637158,-8.624162057242263e-10,3.5389451730515274e-09
2220.01,150437346,,1.392655060059811,1.0094,466,9.99990000099999e-06,0.00014999250037498125,True,61.842416223392945,1.1476837597372895,1300.0434985658337,-5.866558500336486e-09,7.11497602400838e-10
827.01,270507305,,1.22826331869591,1.0091,380,9.99990000099999e-06,4.999750012499375e-05,True,-3.003137448057714,4.150393558705358,1285.3775630152697,-8.758572418145678e-10,5.11193744620075e-10
1254.01,236714379,,1.0180231306921728,1.0088,671,9.99990000099999e-06,4.999750012499375e-05,True,1673.907207569246,1.8134345311017355,202.03096281817184,2.1714738888544416e-08,5.297197679509249e-10
275.01,373844472,,0.9195612862027344,1.0096,849,9.99990000099999e-06,4.999750012499375e-05,True,-1.6089055087995803,3.64195014176982,176.71581273203506,-2.1256184573293875e-10,9.379912867925482e-11
212.01,206609630,,0.3352714751532201,1.0097,529,9.99990000099999e-06,4.999750012499375e-05,True,175.2013245527329,1.3183026551892103,1303.870766870873,1.3210414727092524e-10,9.806436763163464e-12
1058.01,31553893,,11.12960393891803,1.01,10,0.000999990000099999,0.10379241516966067,False,-2.1501476146067944,1.218172809516848,23.725361542845537,4.6727269145157073e-07,1.1970920029266538e-06
1246.01,230127302,,18.655586874533032,1.0097,46,0.00034999650003499967,0.01996007984031936,False,27.03869897460811,2.7770409901993034,979.4178458653873,1.6612664871403914e-05,2.9901327042080372e-06
1259.01,288735205,,3.477978865698815,1.0098,186,0.008869911300886992,0.011976047904191617,False,-5.206960140846888,1.0631518841534617,27.116195485360116,2.197734474376086e-10,1.6036222578595552e-09
1361.01,277447970,,2.2374248752779167,1.0093,71,0.007459925400745993,0.01996007984031936,False,-2.403182314294554,1.4002351256688712,23.424265360434262,-6.916111621988816e-09,5.071509401017059e-09
1717.01,149833117,,4.052383803274655,1.0095,21,0.0003199968000319997,0.0017699823001769983,True,2.5970199442760986,2.8856744406550376,12.910151068774748,3.3000535102212226e-08,1.3893664234885349e-08
1754.01,332477926,,16.214632952212884,1.0111,41,0.001999980000199998,0.01011645688742501,False,3.0485207411986153,1.4993720944025402,964.7715331791078,6.8021364553568985e-06,2.6158002613034817e-06
1820.01,393831507,,4.860672139816035,1.009,6,0.008479915200847992,0.043912175648702596,False,-1.713110154375463,0.6484973826795574,9.788149370977687,1.237163289982163e-06,4.400560108454332e-06
1900.01,178879588,,3.056638768724698,1.0083,16,0.006339936600633994,0.05189620758483034,False,-2.583952334703479,0.8770840809838728,6.137475020879925,-4.759963753028544e-07,1.096724682355022e-06
2018.01,357501308,,7.435594656215933,1.0095,7,0.009329906700932991,0.4471057884231537,False,1.1768995747235094,0.6280333282218841,15.18388410575164,3.853286699547188e-07,2.1805044550481247e-07
2045.01,347013211,,9.077621954685736,1.0091,12,0.005449945500544995,0.18762475049900199,False,2.0208702296936707,1.1483086306962198,19.453428605780452,6.80294127563771e-07,3.2048807725771395e-07
2419.01,358248442,,18.881100191236644,1.0094,9,0.008239917600823992,0.4491017964071856,False,-1.7628741020380794,1.0866545951710256,37.798990237014266,1.7171024380932875e-06,2.605438046067892e-06
2473.01,399868187,,1.2318005946357014,1.0081,41,9.99990000099999e-06,9.99990000099999e-06,True,3.1943690758432695,5.693104272412289,39.35134809457303,-1.277784551303744e-08,4.86258111372639e-09
2494.01,282576340,,8.376139121022618,1.009,6,0.0012599874001259987,0.18163672654690619,False,-1.768157551670675,0.4484873638562995,17.14093809673954,-1.899590424513512e-08,1.2365949952767246e-07
2556.01,468981993,,7.994889742557965,1.0099,18,4.999950000499995e-05,0.031936127744510975,False,1672.5628943882475,28.41200324145173,200.1829418899632,-1.5874472756495132e-05,3.5725866740461996e-07
256.02,92226327,,3.777937132214871,1.0175,11,0.006339936600633994,0.027944111776447105,False,-2.161001408276473,1.0303902209317877,16.0652376649002,-2.045069618332114e-06,1.384063132203088e-07
2627.01,262829328,,1.0649923777356816,1.0091,64,9.99990000099999e-06,0.01996007984031936,False,13.697969999398651,3.335334986815467,145.46083537642227,-1.1221750190909925e-08,2.655621467965154e-09
2665.01,186936449,,2.8456494764734765,1.01,26,0.00021999780002199978,0.22554890219560877,False,-3.257492683401889,0.964673772288857,5.71405908301025,-2.983630212335322e-10,1.2137786735419876e-08
2841.01,79930628,,2.1663500345683673,1.0091,72,0.004809951900480995,0.011976047904191617,False,-4.244307973534603,1.4812523373792208,4.598668633272987,2.2826868919659855e-09,1.268965434230097e-08
2868.01,147857396,,9.380326696858269,1.0096,12,0.007769922300776992,0.01996007984031936,False,-2.0620024529947862,1.0073276174779462,19.00379007522941,3.0257303200364444e-07,4.652802564984106e-07
2898.01,308612785,,3.612808056893739,1.0091,102,0.000969990300096999,0.3333333333333333,False,-2.7131557181728567,1.7420300954076766,752.0885432099146,-4.270026658028958e-08,3.0882998043973827e-08
2941.01,4729001,,0.7127831211324969,1.0094,113,0.006859931400685993,0.9760479041916168,False,-1.0436145896227629,1.1580533842205236,1.426991711219284,-1.623883289366451e-09,8.460839576500717e-10
3029.01,465540915,,2.025258731112896,1.0091,59,9.99990000099999e-06,1.999980000199998e-05,True,0.5088120621920211,2.3579162915094742,4.145638077273234,4.8197069684533075e-08,2.2505474965760428e-08
3077.01,443341002,,6.35996097170598,1.009,18,0.0023799762002379974,0.8922155688622755,False,-2.8778405412844883,0.940119721805948,12.833603271300749,-7.154217907104938e-08,6.390866134829217e-07
3090.01,309913305,,6.327240832996029,1.0099,19,0.00916990830091699,0.015968063872255488,False,-2.4346552486050044,1.1239467577980493,24.473035437336133,2.3291543076168653e-07,3.2624595133658493e-07
3162.01,433546897,,1.5759512077433908,1.0079,56,9.99990000099999e-06,3.999960000399996e-05,True,-2.9804914255855124,1.7949482665683518,3.20622733715061,-5.1917494562698565e-08,5.0794849478121367e-08
3175.01,391510223,,1.6546357335693669,1.0085,64,0.0003999960000399996,0.015968063872255488,False,16.73392910107235,1.778371556952331,254.8489999804937,4.409163522888697e-08,9.64623382905666e-09
3242.01,209923610,,3.0001481068767433,1.0092,19,0.0031899681003189967,0.7924151696606786,False,-1.560588489563468,1.1463226098796282,6.0242256871975295,-8.14610827240559e-08,6.924816923558031e-08
3280.01,290302491,,3.834875564935206,1.0097,22,0.004409955900440995,0.06786427145708583,False,-2.989396599737642,0.9828675150203123,11.198641690889131,3.1786819820484814e-08,9.969761451935645e-08
3333.01,193782529,,3.9867068897060074,1.0079,18,0.0038599614003859964,0.08582834331337326,False,-2.7728994260597233,2.9450107425780887,8.069656227796278,-2.574190200950661e-08,7.507962549517842e-08
3442.01,207981861,,3.456942695035081,1.0095,21,0.0002099979000209998,0.11776447105788423,False,12.351266396570772,1.8072099096820453,197.1494685960758,-1.3822415626396436e-07,3.522706344425802e-08
3492.01,81077799,,9.222408715304567,1.009,12,0.005669943300566994,0.3333333333333333,False,-2.4844573595922874,1.1221371692893447,18.681878725681454,3.0898376323768226e-09,1.4653667526489896e-07
3531.01,316038054,,3.809945460039847,1.0091,33,0.00976990230097699,0.015968063872255488,False,9.466222687090948,1.3232963140635374,690.0014163085028,-4.338290654561228e-08,1.2049480719359597e-08
3630.01,189380158,,1.9616216958963555,1.0092,15,0.000919990800091999,0.05788423153692615,False,-2.6015543287855643,1.1676766092470923,3.927158802104418,9.086024662980117e-08,2.7756410530749463e-07
3638.01,47094691,,4.927700883408464,1.0096,11,0.00994990050099499,0.6966067864271457,False,-1.0923540801576799,1.0990523145417834,9.923172456908281,-3.3253156607202014e-06,3.5492445891757044e-06
3729.01,322160664,,8.173428784259372,1.0099,6,0.002749972500274997,0.9321357285429142,False,-1.791707385210426,0.7077236445303398,16.723385791432065,-3.414586244155467e-09,4.7116768848157633e-07
3801.01,373612558,,5.867754162558572,1.0097,9,0.006079939200607994,0.3413173652694611,False,-1.728751708648204,1.0756665141456314,17.887167812285742,2.647652812058657e-07,3.8683203915576964e-07
3958.01,279383896,,12.020889757396803,1.0182,11,0.0006199938000619994,0.11776447105788423,False,153.4214917317097,7.907140693545072,711.8679242857895,-4.7696168116140975e-05,3.635603210809558e-06
4173.01,358613376,,8.271311557671229,1.0093,24,0.0001799982000179998,0.1317365269461078,False,-1.2984416097859253,2.3482615097823625,553.0932172287344,2.1597423844105227e-07,1.5752521849961296e-07
4239.01,22121296,,2.81323440001656,1.01,28,1.999980000199998e-05,0.15169660678642716,False,-2.733877143879674,1.1449403234972308,102.46832610415636,-2.0093190039809673e-08,2.5976011319645506e-08
4273.01,133331642,,2.934708530336394,1.0097,38,0.0027099729002709972,0.14770459081836326,False,-1.2063674989713107,1.0673586778425221,5.892892421332417,4.4908898303630245e-08,2.8801811855715986e-08
4596.01,86951294,,4.119413779430512,1.0099,25,0.007239927600723992,0.017964071856287425,False,-2.6346253528401036,1.259397926181849,26.945894247285917,-1.1461449350019157e-06,7.220878429067769e-08
4620.01,171160243,,1.3887451460789746,1.0088,56,0.001079989200107999,0.002949970500294997,True,29.121454484235983,7.481423237460257,5.986210008590956,-2.6789333584116924e-08,4.653074244621549e-09
4624.01,84339983,,2.7908268918528143,1.0092,37,0.007169928300716993,0.08782435129740519,False,-3.2925492017707683,1.3623451821191974,23.96071911625272,7.764801412633669e-08,1.3780907910597857e-07
4893.01,441234277,,7.326270552226936,1.01,18,0.0048599514004859954,0.2155688622754491,False,82.02525569342484,2.92483892094146,1109.9294161335704,-1.909865913366798e-06,2.0725693965223928e-07
4996.01,384709136,,4.81314623070674,1.0097,16,0.00941990580094199,0.011976047904191617,False,-1.7238480377111784,1.5827630131397903,9.692397331751861,-1.022266985295496e-05,2.612294100458578e-06
5031.01,46807139,,4.531439636597559,1.0101,22,0.0027099729002709972,0.043912175648702596,False,-3.058370514110834,2.41767073096035,13.85801212280475,-1.2827059506440294e-07,7.097729417401867e-07
5035.01,401509690,,5.800869085041416,1.0096,18,0.006629933700662993,0.8662674650698603,False,-2.2223824972684056,1.1653111928733753,11.69392348593572,-3.033078021507962e-07,3.7111302280564273e-07
5363.01,426448042,,6.750367629378127,1.0093,17,0.008049919500804992,0.021956087824351298,False,-2.384036451460952,0.8807162345984326,13.619266096125608,-3.963735222120068e-06,3.305829674378461e-07
5600.01,287268770,,10.717395915260555,1.009,10,0.005679943200567994,0.043912175648702596,False,-2.262946067060785,1.2985031208764004,381.40987244565986,-1.183083242586826e-07,5.942319225293586e-07
5916.01,305506996,,2.3671159653662244,1.0093,14,6.999930000699993e-05,0.47105788423153694,False,-2.4111019752382585,1.2119221564369909,4.748315917154846,4.254100940022382e-07,1.2745583738077661e-08
5932.01,405122173,,3.0987516600604454,1.0094,14,0.0034299657003429964,0.05189620758483034,False,-1.4413469985526568,0.7920215752411843,6.22199599673387,-3.2844502647117525e-06,2.9468406302749135e-06
6107.01,152245179,,3.7899262850224296,1.0096,29,0.005209947900520995,0.1536926147704591,False,-2.6058538835016094,1.4058333807459817,1112.343490626707,-2.0440831315527426e-08,2.342524046026242e-08
