TIC_ID,sector,orbit,t_first,t_last,source
7548817,14,all,2458683.4065974127,2458710.177465451,qlp_s14s15_timing/s14s15_sources.csv
7583660,14,all,2458683.40658856,2458710.114959655,qlp_s14s15_timing/s14s15_sources.csv
7681574,14,all,2458683.4065432055,2458710.114928284,qlp_s14s15_timing/s14s15_sources.csv
11034516,14,all,2458683.654474752,2458710.1759896907,qlp_s14s15_timing/s14s15_sources.csv
13419950,14,all,2458683.6544602183,2458710.175982151,qlp_s14s15_timing/s14s15_sources.csv
13424053,14,all,2458683.654440161,2458710.1759682614,qlp_s14s15_timing/s14s15_sources.csv
16740548,14,all,2458683.6542554162,2458710.17584038,qlp_s14s15_timing/s14s15_sources.csv
17129975,14,all,2458683.654277173,2458710.175855544,qlp_s14s15_timing/s14s15_sources.csv
20607624,14,all,2458683.593155874,2458710.176808129,qlp_s14s15_timing/s14s15_sources.csv
21101556,14,all,2458683.4065004457,2458710.114899294,qlp_s14s15_timing/s14s15_sources.csv
21279791,14,all,2458683.4062996423,2458710.17726044,qlp_s14s15_timing/s14s15_sources.csv
27459498,14,all,2458683.4052486015,2458710.114034526,qlp_s14s15_timing/s14s15_sources.csv
27774415,14,all,2458683.4052306945,2458710.1140222624,qlp_s14s15_timing/s14s15_sources.csv
27916356,14,all,2458683.4051683126,2458710.113979095,qlp_s14s15_timing/s14s15_sources.csv
30254887,14,all,2458683.5927546686,2458710.176530377,qlp_s14s15_timing/s14s15_sources.csv
30791047,14,all,2458683.592717178,2458710.176504634,qlp_s14s15_timing/s14s15_sources.csv
40055053,14,all,2458683.592539317,2458710.176382247,qlp_s14s15_timing/s14s15_sources.csv
40093986,14,all,2458683.654704454,2458710.176150813,qlp_s14s15_timing/s14s15_sources.csv
40292751,14,all,2458683.5924377693,2458710.17631149,qlp_s14s15_timing/s14s15_sources.csv
41839508,14,all,2458683.5930221574,2458710.176715355,qlp_s14s15_timing/s14s15_sources.csv
42484503,14,all,2458683.6545537,2458710.176046463,qlp_s14s15_timing/s14s15_sources.csv
47937361,14,all,2458683.406079136,2458710.1771084024,qlp_s14s15_timing/s14s15_sources.csv
48220826,14,all,2458683.406026911,2458710.114572343,qlp_s14s15_timing/s14s15_sources.csv
57753734,14,all,2458683.5922233704,2458710.1761634015,qlp_s14s15_timing/s14s15_sources.csv
63550960,14,all,2458683.654163757,2458710.1757768127,qlp_s14s15_timing/s14s15_sources.csv
63659057,14,all,2458683.6541417786,2458710.1757615595,qlp_s14s15_timing/s14s15_sources.csv
68453985,14,all,2458683.6548720566,2458710.1762631484,qlp_s14s15_timing/s14s15_sources.csv
69068526,14,all,2458683.6548704654,2458710.176262174,qlp_s14s15_timing/s14s15_sources.csv
69356857,14,all,2458683.592460829,2458710.1763280765,qlp_s14s15_timing/s14s15_sources.csv
89389197,14,all,2458683.654384017,2458710.1759279594,qlp_s14s15_timing/s14s15_sources.csv
92677094,14,all,2458683.6547224126,2458710.176159496,qlp_s14s15_timing/s14s15_sources.csv
99224131,14,all,2458683.59150604,2458710.1756672612,qlp_s14s15_timing/s14s15_sources.csv
99834717,14,all,2458683.6797172655,2458709.199907927,qlp_s14s15_timing/s14s15_sources.csv
99869022,14,all,2458683.680018628,2458709.200120066,qlp_s14s15_timing/s14s15_sources.csv
102159710,14,all,2458683.654540615,2458710.1760363462,qlp_s14s15_timing/s14s15_sources.csv
103751498,14,all,2458683.679188846,2458710.157847593,qlp_s14s15_timing/s14s15_sources.csv
106224627,14,all,2458683.654493344,2458710.1760041025,qlp_s14s15_timing/s14s15_sources.csv
111108561,14,all,2458683.6549572153,2458710.1763233766,qlp_s14s15_timing/s14s15_sources.csv
112026224,14,all,2458683.654911505,2458710.1762915854,qlp_s14s15_timing/s14s15_sources.csv
114947483,14,all,2458683.5930059636,2458710.176703721,qlp_s14s15_timing/s14s15_sources.csv
120101789,14,all,2458683.4057430136,2458710.176875482,qlp_s14s15_timing/s14s15_sources.csv
120255950,14,all,2458683.4057359234,2458710.1768707656,qlp_s14s15_timing/s14s15_sources.csv
121660904,14,all,2458683.405482385,2458710.176696087,qlp_s14s15_timing/s14s15_sources.csv
123007594,14,all,2458683.4061795636,2458710.1771772685,qlp_s14s15_timing/s14s15_sources.csv
123233041,14,all,2458683.405984811,2458710.1770427027,qlp_s14s15_timing/s14s15_sources.csv
123357034,14,all,2458683.406019168,2458710.1770668426,qlp_s14s15_timing/s14s15_sources.csv
123495874,14,all,2458683.4059520806,2458710.177020591,qlp_s14s15_timing/s14s15_sources.csv
136122328,14,all,2458683.6542092343,2458710.1758076907,qlp_s14s15_timing/s14s15_sources.csv
142385671,14,all,2458683.6796629154,2458710.1165098464,qlp_s14s15_timing/s14s15_sources.csv
142562395,14,all,2458683.679052654,2458710.15775359,qlp_s14s15_timing/s14s15_sources.csv
142635225,14,all,2458683.6581330528,2458710.1576938336,qlp_s14s15_timing/s14s15_sources.csv
142739544,14,all,2458683.678740494,2458710.1575377895,qlp_s14s15_timing/s14s15_sources.csv
142784687,14,all,2458683.6790287304,2458710.1577369464,qlp_s14s15_timing/s14s15_sources.csv
147890655,14,all,2458683.67919397,2458710.1578508266,qlp_s14s15_timing/s14s15_sources.csv
147892178,14,all,2458683.678883496,2458710.1576364604,qlp_s14s15_timing/s14s15_sources.csv
147994863,14,all,2458683.679273639,2458710.157906299,qlp_s14s15_timing/s14s15_sources.csv
149917086,14,all,2458683.679745992,2458709.199927966,qlp_s14s15_timing/s14s15_sources.csv
149918151,14,all,2458683.679973126,2458709.200087792,qlp_s14s15_timing/s14s15_sources.csv
153978165,14,all,2458683.679327047,2458710.1162776276,qlp_s14s15_timing/s14s15_sources.csv
154014059,14,all,2458683.6792622167,2458710.11623279,qlp_s14s15_timing/s14s15_sources.csv
154067753,14,all,2458683.679407633,2458710.116333311,qlp_s14s15_timing/s14s15_sources.csv
154105890,14,all,2458683.679021608,2458710.1160664083,qlp_s14s15_timing/s14s15_sources.csv
154126149,14,all,2458683.6790827326,2458710.1161086564,qlp_s14s15_timing/s14s15_sources.csv
154814765,14,all,2458683.6572563443,2458710.1570880315,qlp_s14s15_timing/s14s15_sources.csv
154926644,14,all,2458683.65714793,2458710.157013107,qlp_s14s15_timing/s14s15_sources.csv
155873992,14,all,2458683.679152774,2458710.157822319,qlp_s14s15_timing/s14s15_sources.csv
156512187,14,all,2458683.6783977738,2458710.1572992927,qlp_s14s15_timing/s14s15_sources.csv
157586003,14,all,2458683.406094633,2458710.177118123,qlp_s14s15_timing/s14s15_sources.csv
158323182,14,all,2458683.405722337,2458710.1768623483,qlp_s14s15_timing/s14s15_sources.csv
158325942,14,all,2458683.405666549,2458710.176823598,qlp_s14s15_timing/s14s15_sources.csv
158388163,14,all,2458683.4056007788,2458710.176777883,qlp_s14s15_timing/s14s15_sources.csv
158552665,14,all,2458683.4055802436,2458710.1767637613,qlp_s14s15_timing/s14s15_sources.csv
159098316,14,all,2458683.405484761,2458710.1766981217,qlp_s14s15_timing/s14s15_sources.csv
159117779,14,all,2458683.657804666,2458710.1574669974,qlp_s14s15_timing/s14s15_sources.csv
159303995,14,all,2458683.4054652937,2458710.1766847596,qlp_s14s15_timing/s14s15_sources.csv
159332859,14,all,2458683.6781633426,2458710.1571372286,qlp_s14s15_timing/s14s15_sources.csv
159438097,14,all,2458683.6779143764,2458710.1569651226,qlp_s14s15_timing/s14s15_sources.csv
164892194,14,all,2458683.40579814,2458710.1769144814,qlp_s14s15_timing/s14s15_sources.csv
170440216,14,all,2458683.6547679557,2458710.1761943735,qlp_s14s15_timing/s14s15_sources.csv
184295571,14,all,2458683.654971544,2458710.1763354223,qlp_s14s15_timing/s14s15_sources.csv
184468386,14,all,2458683.65494242,2458710.1763152475,qlp_s14s15_timing/s14s15_sources.csv
184521624,14,all,2458683.6548396433,2458710.1762437006,qlp_s14s15_timing/s14s15_sources.csv
184527843,14,all,2458683.6548685837,2458710.176263878,qlp_s14s15_timing/s14s15_sources.csv
184531966,14,all,2458683.6548939534,2458710.176281537,qlp_s14s15_timing/s14s15_sources.csv
185598695,14,all,2458683.4046833767,2458710.1136436067,qlp_s14s15_timing/s14s15_sources.csv
193336820,14,all,2458683.4046705966,2458710.113635318,qlp_s14s15_timing/s14s15_sources.csv
193482096,14,all,2458683.404610334,2458710.113593576,qlp_s14s15_timing/s14s15_sources.csv
193754373,14,all,2458683.4045804515,2458710.1135729267,qlp_s14s15_timing/s14s15_sources.csv
193765661,14,all,2458683.4044821253,2458710.1135047222,qlp_s14s15_timing/s14s15_sources.csv
193979250,14,all,2458683.4045845587,2458710.1135758217,qlp_s14s15_timing/s14s15_sources.csv
198186769,14,all,2458683.678546302,2458709.969904189,qlp_s14s15_timing/s14s15_sources.csv
198189972,14,all,2458683.6785948123,2458709.9699377366,qlp_s14s15_timing/s14s15_sources.csv
198610218,14,all,2458683.4066640353,2458710.1150117666,qlp_s14s15_timing/s14s15_sources.csv
198725468,14,all,2458683.5930704433,2458710.176748247,qlp_s14s15_timing/s14s15_sources.csv
199417958,14,all,2458683.591495278,2458710.175660354,qlp_s14s15_timing/s14s15_sources.csv
202563254,14,all,2458683.654235476,2458710.175825513,qlp_s14s15_timing/s14s15_sources.csv
203189770,14,all,2458683.6542050955,2458710.1758046094,qlp_s14s15_timing/s14s15_sources.csv
207339000,14,all,2458683.6787142735,2458710.157519441,qlp_s14s15_timing/s14s15_sources.csv
219015370,14,all,2458683.678849389,2458710.1576112984,qlp_s14s15_timing/s14s15_sources.csv
219016883,14,all,2458683.6789440936,2458710.1576767024,qlp_s14s15_timing/s14s15_sources.csv
219809549,14,all,2458683.6776911216,2458709.969310743,qlp_s14s15_timing/s14s15_sources.csv
219852584,14,all,2458683.6780266855,2458709.969543785,qlp_s14s15_timing/s14s15_sources.csv
219854185,14,all,2458683.677977754,2458709.9695099206,qlp_s14s15_timing/s14s15_sources.csv
219854519,14,all,2458683.67800145,2458709.969526313,qlp_s14s15_timing/s14s15_sources.csv
219866209,14,all,2458683.67794993,2458709.9694904927,qlp_s14s15_timing/s14s15_sources.csv
219879302,14,all,2458683.6778748543,2458709.969438399,qlp_s14s15_timing/s14s15_sources.csv
224635135,14,all,2458683.5909492234,2458710.175281871,qlp_s14s15_timing/s14s15_sources.csv
229400092,14,all,2458683.384992168,2458710.17693492,qlp_s14s15_timing/s14s15_sources.csv
229490898,14,all,2458683.384928853,2458710.1768914135,qlp_s14s15_timing/s14s15_sources.csv
229508727,14,all,2458683.38488698,2458710.1768625216,qlp_s14s15_timing/s14s15_sources.csv
229510866,14,all,2458683.3848788375,2458710.1768569034,qlp_s14s15_timing/s14s15_sources.csv
229605891,14,all,2458683.677487873,2458710.15667008,qlp_s14s15_timing/s14s15_sources.csv
229639351,14,all,2458683.677347838,2458709.5940720346,qlp_s14s15_timing/s14s15_sources.csv
229671380,14,all,2458683.677995805,2458710.157021257,qlp_s14s15_timing/s14s15_sources.csv
229715760,14,all,2458683.6772958674,2458709.594035631,qlp_s14s15_timing/s14s15_sources.csv
229750058,14,all,2458683.6771828323,2458709.5939564644,qlp_s14s15_timing/s14s15_sources.csv
229791084,14,all,2458683.6771177794,2458709.5939110476,qlp_s14s15_timing/s14s15_sources.csv
230001847,14,all,2458683.3850163254,2458710.1769514563,qlp_s14s15_timing/s14s15_sources.csv
230087585,14,all,2458683.678300293,2458710.1572315563,qlp_s14s15_timing/s14s15_sources.csv
230290708,14,all,2458683.40633024,2458710.1772811804,qlp_s14s15_timing/s14s15_sources.csv
230375747,14,all,2458683.3853085553,2458710.1771531063,qlp_s14s15_timing/s14s15_sources.csv
232603560,14,all,2458683.6781284385,2458709.9696139614,qlp_s14s15_timing/s14s15_sources.csv
232608943,14,all,2458683.678021427,2458709.969539966,qlp_s14s15_timing/s14s15_sources.csv
232628532,14,all,2458683.406797794,2458710.1151049975,qlp_s14s15_timing/s14s15_sources.csv
232641326,14,all,2458683.406171366,2458710.1146724313,qlp_s14s15_timing/s14s15_sources.csv
232982938,14,all,2458683.6784401275,2458710.1573282783,qlp_s14s15_timing/s14s15_sources.csv
233047097,14,all,2458683.677631037,2458709.969268711,qlp_s14s15_timing/s14s15_sources.csv
233053554,14,all,2458683.677603783,2458709.969250067,qlp_s14s15_timing/s14s15_sources.csv
233068569,14,all,2458683.677548836,2458709.969211854,qlp_s14s15_timing/s14s15_sources.csv
233070717,14,all,2458683.67753664,2458709.9692033674,qlp_s14s15_timing/s14s15_sources.csv
233078665,14,all,2458683.6775024864,2458709.969179594,qlp_s14s15_timing/s14s15_sources.csv
233188747,14,all,2458683.6787677445,2458710.1575548695,qlp_s14s15_timing/s14s15_sources.csv
233409941,14,all,2458683.384497786,2458710.176593844,qlp_s14s15_timing/s14s15_sources.csv
233415701,14,all,2458683.3843705244,2458710.1765058623,qlp_s14s15_timing/s14s15_sources.csv
233719215,14,all,2458683.4064684017,2458710.114877851,qlp_s14s15_timing/s14s15_sources.csv
233788275,14,all,2458683.384293836,2458710.176452895,qlp_s14s15_timing/s14s15_sources.csv
233795794,14,all,2458683.3844214026,2458710.176541127,qlp_s14s15_timing/s14s15_sources.csv
233867481,14,all,2458683.3843655493,2458710.1765025877,qlp_s14s15_timing/s14s15_sources.csv
233948455,14,all,2458683.38437818,2458710.176511375,qlp_s14s15_timing/s14s15_sources.csv
233953967,14,all,2458683.384236475,2458710.176413433,qlp_s14s15_timing/s14s15_sources.csv
235684964,14,all,2458683.677180585,2458709.593955053,qlp_s14s15_timing/s14s15_sources.csv
235711993,14,all,2458683.67783802,2458710.1569122938,qlp_s14s15_timing/s14s15_sources.csv
235905185,14,all,2458683.677211242,2458710.15647882,qlp_s14s15_timing/s14s15_sources.csv
236815160,14,all,2458683.385292731,2458710.1771419346,qlp_s14s15_timing/s14s15_sources.csv
237104103,14,all,2458683.678423553,2458710.157316846,qlp_s14s15_timing/s14s15_sources.csv
237205154,14,all,2458683.677091712,2458709.593892879,qlp_s14s15_timing/s14s15_sources.csv
237221436,14,all,2458683.6770667927,2458709.5938754426,qlp_s14s15_timing/s14s15_sources.csv
239529652,14,all,2458683.591790647,2458710.1758636287,qlp_s14s15_timing/s14s15_sources.csv
243297296,14,all,2458683.385077429,2458710.176993511,qlp_s14s15_timing/s14s15_sources.csv
243335710,14,all,2458683.3850157093,2458710.1769509427,qlp_s14s15_timing/s14s15_sources.csv
243464977,14,all,2458683.5911007724,2458710.1753863995,qlp_s14s15_timing/s14s15_sources.csv
244487927,14,all,2458683.5917577613,2458710.175840887,qlp_s14s15_timing/s14s15_sources.csv
244912396,14,all,2458683.5916987774,2458710.175800211,qlp_s14s15_timing/s14s15_sources.csv
247356332,14,all,2458683.591331433,2458710.1755470466,qlp_s14s15_timing/s14s15_sources.csv
257060897,14,all,2458683.678622992,2458710.1574548567,qlp_s14s15_timing/s14s15_sources.csv
258389327,14,all,2458683.6767720976,2458709.5936692287,qlp_s14s15_timing/s14s15_sources.csv
258920431,14,all,2458683.6769078467,2458709.5937641086,qlp_s14s15_timing/s14s15_sources.csv
259100469,14,all,2458683.676899998,2458709.5937586897,qlp_s14s15_timing/s14s15_sources.csv
259274960,14,all,2458683.676723791,2458709.593635345,qlp_s14s15_timing/s14s15_sources.csv
267810289,14,all,2458683.3848361946,2458710.176827076,qlp_s14s15_timing/s14s15_sources.csv
268604331,14,all,2458683.404893284,2458710.113788667,qlp_s14s15_timing/s14s15_sources.csv
268823307,14,all,2458683.404892301,2458710.11378805,qlp_s14s15_timing/s14s15_sources.csv
272672133,14,all,2458683.6787442476,2458710.15753845,qlp_s14s15_timing/s14s15_sources.csv
272758199,14,all,2458683.6784720514,2458710.157350438,qlp_s14s15_timing/s14s15_sources.csv
272785423,14,all,2458683.6786272214,2458710.1574575086,qlp_s14s15_timing/s14s15_sources.csv
273780062,14,all,2458683.404914931,2458710.1138034975,qlp_s14s15_timing/s14s15_sources.csv
274075364,14,all,2458683.6544256024,2458710.175957986,qlp_s14s15_timing/s14s15_sources.csv
274641986,14,all,2458683.654561678,2458710.1760517415,qlp_s14s15_timing/s14s15_sources.csv
275527293,14,all,2458683.654510903,2458710.176017248,qlp_s14s15_timing/s14s15_sources.csv
275758701,14,all,2458683.4045532937,2458710.1135539175,qlp_s14s15_timing/s14s15_sources.csv
275887811,14,all,2458683.6545196394,2458710.176023401,qlp_s14s15_timing/s14s15_sources.csv
276704866,14,all,2458683.404709754,2458710.1136624725,qlp_s14s15_timing/s14s15_sources.csv
278105308,14,all,2458683.591615981,2458710.175742682,qlp_s14s15_timing/s14s15_sources.csv
279331929,14,all,2458683.654364312,2458710.1759131914,qlp_s14s15_timing/s14s15_sources.csv
280031353,14,all,2458683.676705511,2458709.5936226207,qlp_s14s15_timing/s14s15_sources.csv
282890159,14,all,2458683.591926031,2458710.175957485,qlp_s14s15_timing/s14s15_sources.csv
284475976,14,all,2458683.3848410114,2458710.1768301525,qlp_s14s15_timing/s14s15_sources.csv
287191183,14,all,2458683.3847469217,2458710.176765213,qlp_s14s15_timing/s14s15_sources.csv
287268770,14,all,2458683.6797104576,2458710.158207756,qlp_s14s15_timing/s14s15_sources.csv
287934343,14,all,2458683.5917018014,2458710.175801623,qlp_s14s15_timing/s14s15_sources.csv
287948915,14,all,2458683.59174372,2458710.1758309747,qlp_s14s15_timing/s14s15_sources.csv
288242606,14,all,2458683.6777388705,2458710.1568437465,qlp_s14s15_timing/s14s15_sources.csv
288636342,14,all,2458683.677404829,2458710.1566126957,qlp_s14s15_timing/s14s15_sources.csv
288636599,14,all,2458683.6774094435,2458710.1566159017,qlp_s14s15_timing/s14s15_sources.csv
288953761,14,all,2458683.4062745916,2458710.1772422716,qlp_s14s15_timing/s14s15_sources.csv
289661991,14,all,2458683.678991104,2458710.1577106845,qlp_s14s15_timing/s14s15_sources.csv
290308758,14,all,2458683.404707011,2458710.113660744,qlp_s14s15_timing/s14s15_sources.csv
294179385,14,all,2458683.405140134,2458710.113960129,qlp_s14s15_timing/s14s15_sources.csv
294594423,14,all,2458683.404888838,2458710.113786112,qlp_s14s15_timing/s14s15_sources.csv
296327387,14,all,2458683.404695657,2458710.113652801,qlp_s14s15_timing/s14s15_sources.csv
298189225,14,all,2458683.5912444005,2458710.1754861358,qlp_s14s15_timing/s14s15_sources.csv
298189384,14,all,2458683.5912439106,2458710.1754857893,qlp_s14s15_timing/s14s15_sources.csv
298297931,14,all,2458683.5913664903,2458710.1755712456,qlp_s14s15_timing/s14s15_sources.csv
302518439,14,all,2458683.678672487,2458710.1574905654,qlp_s14s15_timing/s14s15_sources.csv
305948428,14,all,2458683.6546457745,2458710.1761077507,qlp_s14s15_timing/s14s15_sources.csv
307956397,14,all,2458683.678104567,2458709.969597631,qlp_s14s15_timing/s14s15_sources.csv
310002617,14,all,2458683.6780511825,2458710.1570597244,qlp_s14s15_timing/s14s15_sources.csv
310994622,14,all,2458683.6795937447,2458710.1164619927,qlp_s14s15_timing/s14s15_sources.csv
312991501,14,all,2458683.678564836,2458710.157416236,qlp_s14s15_timing/s14s15_sources.csv
313408643,14,all,2458683.654063965,2458710.1757074585,qlp_s14s15_timing/s14s15_sources.csv
321668398,14,all,2458683.4070614576,2458710.11528665,qlp_s14s15_timing/s14s15_sources.csv
328933398,14,all,2458683.6571799587,2458710.15703525,qlp_s14s15_timing/s14s15_sources.csv
335655755,14,all,2458683.678390994,2458710.15729462,qlp_s14s15_timing/s14s15_sources.csv
336072306,14,all,2458683.4064341267,2458710.177352519,qlp_s14s15_timing/s14s15_sources.csv
336125492,14,all,2458683.405947081,2458710.1770161185,qlp_s14s15_timing/s14s15_sources.csv
336126253,14,all,2458683.4059393094,2458710.177010674,qlp_s14s15_timing/s14s15_sources.csv
341630071,14,all,2458683.6573214442,2458710.157132977,qlp_s14s15_timing/s14s15_sources.csv
351864831,14,all,2458683.40497565,2458710.1138466084,qlp_s14s15_timing/s14s15_sources.csv
352151292,14,all,2458683.404921222,2458710.113808931,qlp_s14s15_timing/s14s15_sources.csv
353807936,14,all,2458683.4067366794,2458710.115062754,qlp_s14s15_timing/s14s15_sources.csv
355748785,14,all,2458683.6547220256,2458710.176162997,qlp_s14s15_timing/s14s15_sources.csv
356146869,14,all,2458683.406950097,2458710.1152097187,qlp_s14s15_timing/s14s15_sources.csv
356736743,14,all,2458683.6580814,2458710.157658175,qlp_s14s15_timing/s14s15_sources.csv
357145112,14,all,2458683.6550693056,2458710.176400589,qlp_s14s15_timing/s14s15_sources.csv
358613376,14,all,2458683.6576870442,2458710.157385685,qlp_s14s15_timing/s14s15_sources.csv
359469754,14,all,2458683.6548950044,2458710.1762793325,qlp_s14s15_timing/s14s15_sources.csv
362222177,14,all,2458683.677277431,2458710.1565245907,qlp_s14s15_timing/s14s15_sources.csv
366119858,14,all,2458683.406526781,2458710.1149173104,qlp_s14s15_timing/s14s15_sources.csv
366120401,14,all,2458683.4065244487,2458710.1149155893,qlp_s14s15_timing/s14s15_sources.csv
369062542,14,all,2458683.65492259,2458710.1762990984,qlp_s14s15_timing/s14s15_sources.csv
372758077,14,all,2458683.6577026825,2458710.157396488,qlp_s14s15_timing/s14s15_sources.csv
372759746,14,all,2458683.6583585883,2458710.15784965,qlp_s14s15_timing/s14s15_sources.csv
375419034,14,all,2458683.6547341985,2458710.176168651,qlp_s14s15_timing/s14s15_sources.csv
377253700,14,all,2458683.3851840748,2458710.1770670325,qlp_s14s15_timing/s14s15_sources.csv
377297285,14,all,2458683.3850401836,2458710.1769673903,qlp_s14s15_timing/s14s15_sources.csv
378159598,14,all,2458683.405101251,2458710.1139320377,qlp_s14s15_timing/s14s15_sources.csv
383721338,14,all,2458683.4061986,2458710.177190215,qlp_s14s15_timing/s14s15_sources.csv
383828887,14,all,2458683.593150078,2458710.1768038953,qlp_s14s15_timing/s14s15_sources.csv
383829317,14,all,2458683.5931542246,2458710.1768067917,qlp_s14s15_timing/s14s15_sources.csv
389968080,14,all,2458683.4063667897,2458710.1148072653,qlp_s14s15_timing/s14s15_sources.csv
390988385,14,all,2458683.6544603393,2458710.1759788585,qlp_s14s15_timing/s14s15_sources.csv
394050135,14,all,2458683.6774187754,2458710.1566224066,qlp_s14s15_timing/s14s15_sources.csv
394691478,14,all,2458683.5925630275,2458710.176397913,qlp_s14s15_timing/s14s15_sources.csv
394924803,14,all,2458683.59260026,2458710.1764240176,qlp_s14s15_timing/s14s15_sources.csv
395385033,14,all,2458683.5916351182,2458710.175755913,qlp_s14s15_timing/s14s15_sources.csv
399860444,14,all,2458683.40575669,2458710.1768861883,qlp_s14s15_timing/s14s15_sources.csv
400430915,14,all,2458683.384701178,2458710.1767339045,qlp_s14s15_timing/s14s15_sources.csv
400432230,14,all,2458683.384664197,2458710.176708314,qlp_s14s15_timing/s14s15_sources.csv
402828941,14,all,2458683.5913504087,2458710.1755585913,qlp_s14s15_timing/s14s15_sources.csv
405717754,14,all,2458683.4058034103,2458710.17691848,qlp_s14s15_timing/s14s15_sources.csv
405897415,14,all,2458683.405090807,2458710.1139259567,qlp_s14s15_timing/s14s15_sources.csv
405932063,14,all,2458683.405055954,2458710.1139018694,qlp_s14s15_timing/s14s15_sources.csv
406361982,14,all,2458683.591348911,2458710.1755588464,qlp_s14s15_timing/s14s15_sources.csv
406926040,14,all,2458683.385044363,2458710.1769704274,qlp_s14s15_timing/s14s15_sources.csv
407135911,14,all,2458683.592816231,2458710.1765724705,qlp_s14s15_timing/s14s15_sources.csv
417047499,14,all,2458683.404579453,2458710.113571893,qlp_s14s15_timing/s14s15_sources.csv
417129824,14,all,2458683.591208254,2458710.175460702,qlp_s14s15_timing/s14s15_sources.csv
420112217,14,all,2458683.67707929,2458709.5938841845,qlp_s14s15_timing/s14s15_sources.csv
420114036,14,all,2458683.677051764,2458709.5938649233,qlp_s14s15_timing/s14s15_sources.csv
420177051,14,all,2458683.6771460986,2458709.5939309243,qlp_s14s15_timing/s14s15_sources.csv
421336001,14,all,2458683.384719058,2458710.176746416,qlp_s14s15_timing/s14s15_sources.csv
424435940,14,all,2458683.406440221,2458710.177357046,qlp_s14s15_timing/s14s15_sources.csv
425706173,14,all,2458683.5927873044,2458710.176552672,qlp_s14s15_timing/s14s15_sources.csv
426122272,14,all,2458683.592913689,2458710.1766408277,qlp_s14s15_timing/s14s15_sources.csv
426122503,14,all,2458683.5929290764,2458710.1766515533,qlp_s14s15_timing/s14s15_sources.csv
427041513,14,all,2458683.6542065325,2458710.175805664,qlp_s14s15_timing/s14s15_sources.csv
435719275,14,all,2458683.65457133,2458710.1760569825,qlp_s14s15_timing/s14s15_sources.csv
436007113,14,all,2458683.591564163,2458710.175707895,qlp_s14s15_timing/s14s15_sources.csv
436166416,14,all,2458683.5914714304,2458710.175643525,qlp_s14s15_timing/s14s15_sources.csv
436314778,14,all,2458683.591395279,2458710.175590702,qlp_s14s15_timing/s14s15_sources.csv
441730540,14,all,2458683.6778206853,2458710.156900246,qlp_s14s15_timing/s14s15_sources.csv
441739020,14,all,2458683.6778787286,2458709.5944433175,qlp_s14s15_timing/s14s15_sources.csv
441763252,14,all,2458683.677829062,2458709.5944085913,qlp_s14s15_timing/s14s15_sources.csv
441797803,14,all,2458683.677721273,2458709.594333217,qlp_s14s15_timing/s14s15_sources.csv
452508760,14,all,2458683.591656432,2458710.175771452,qlp_s14s15_timing/s14s15_sources.csv
458481611,14,all,2458683.6789042936,2458710.1576489457,qlp_s14s15_timing/s14s15_sources.csv
467211520,14,all,2458683.384565773,2458710.1766403504,qlp_s14s15_timing/s14s15_sources.csv
841226526,14,all,2458683.6792911026,2458710.1579181086,qlp_s14s15_timing/s14s15_sources.csv
1271152446,14,all,2458683.678248951,2458709.969697584,qlp_s14s15_timing/s14s15_sources.csv
1712954983,14,all,2458683.5927722617,2458710.176542556,qlp_s14s15_timing/s14s15_sources.csv
1715469662,14,all,2458683.593252361,2458710.1768751196,qlp_s14s15_timing/s14s15_sources.csv
1718201850,14,all,2458683.6771006957,2458709.593899135,qlp_s14s15_timing/s14s15_sources.csv
1870990135,14,all,2458683.5923185134,2458710.1762293917,qlp_s14s15_timing/s14s15_sources.csv
1980725947,14,all,2458683.3844436193,2458710.176556512,qlp_s14s15_timing/s14s15_sources.csv
13419950,15,all,2458711.3843563506,2458733.26018582,qlp_s14s15_timing/s14s15_sources.csv
13424053,15,all,2458711.3843428344,2458733.260179665,qlp_s14s15_timing/s14s15_sources.csv
13574009,15,all,2458711.383391676,2458733.259745093,qlp_s14s15_timing/s14s15_sources.csv
15460993,15,all,2458711.3833592827,2458733.259730978,qlp_s14s15_timing/s14s15_sources.csv
16740548,15,all,2458711.384218405,2458733.2601230564,qlp_s14s15_timing/s14s15_sources.csv
17129975,15,all,2458711.384233184,2458733.2601298993,qlp_s14s15_timing/s14s15_sources.csv
17865622,15,all,2458711.3832180668,2458733.2596670208,qlp_s14s15_timing/s14s15_sources.csv
21101556,15,all,2458711.385735785,2458733.698322546,qlp_s14s15_timing/s14s15_sources.csv
27459498,15,all,2458711.3848954705,2458733.6979516633,qlp_s14s15_timing/s14s15_sources.csv
27774415,15,all,2458711.384883588,2458733.6979465387,qlp_s14s15_timing/s14s15_sources.csv
27916356,15,all,2458711.3848416233,2458733.6979279183,qlp_s14s15_timing/s14s15_sources.csv
40093986,15,all,2458711.3845203724,2458733.2602599515,qlp_s14s15_timing/s14s15_sources.csv
42484503,15,all,2458711.3844188373,2458733.2602137774,qlp_s14s15_timing/s14s15_sources.csv
48220826,15,all,2458711.385418112,2458733.6981825856,qlp_s14s15_timing/s14s15_sources.csv
55778666,15,all,2458711.3877848736,2458734.1783611216,qlp_s14s15_timing/s14s15_sources.csv
62501513,15,all,2458715.071886733,2458733.697662864,qlp_s14s15_timing/s14s15_sources.csv
62867537,15,all,2458711.384100589,2458732.655875785,qlp_s14s15_timing/s14s15_sources.csv
63211674,15,all,2458711.384924565,2458733.6979638105,qlp_s14s15_timing/s14s15_sources.csv
63232997,15,all,2458715.0718739517,2458733.6976566985,qlp_s14s15_timing/s14s15_sources.csv
63550960,15,all,2458711.3841565275,2458733.260094759,qlp_s14s15_timing/s14s15_sources.csv
63659057,15,all,2458711.384141678,2458733.260087954,qlp_s14s15_timing/s14s15_sources.csv
63844530,15,all,2458715.0719098905,2458733.697674262,qlp_s14s15_timing/s14s15_sources.csv
65737977,15,all,2458711.38413614,2458733.260085834,qlp_s14s15_timing/s14s15_sources.csv
65845738,15,all,2458711.384120885,2458733.2600789163,qlp_s14s15_timing/s14s15_sources.csv
66266024,15,all,2458711.384135499,2458733.2600856605,qlp_s14s15_timing/s14s15_sources.csv
67246795,15,all,2458711.384012606,2458733.260029359,qlp_s14s15_timing/s14s15_sources.csv
106224627,15,all,2458711.384377498,2458733.2601942383,qlp_s14s15_timing/s14s15_sources.csv
116631353,15,all,2458711.383719783,2458733.2598961517,qlp_s14s15_timing/s14s15_sources.csv
117072799,15,all,2458711.3836900196,2458733.2598826136,qlp_s14s15_timing/s14s15_sources.csv
125366299,15,all,2458711.383719289,2458732.6556955096,qlp_s14s15_timing/s14s15_sources.csv
125367522,15,all,2458711.3837363967,2458732.6557036224,qlp_s14s15_timing/s14s15_sources.csv
126225595,15,all,2458711.383637859,2458733.2598574054,qlp_s14s15_timing/s14s15_sources.csv
136122328,15,all,2458711.3841864425,2458733.2601076285,qlp_s14s15_timing/s14s15_sources.csv
138609069,15,all,2458711.3840144076,2458732.6558351177,qlp_s14s15_timing/s14s15_sources.csv
141205978,15,all,2458711.388117584,2458733.6993639735,qlp_s14s15_timing/s14s15_sources.csv
142385671,15,all,2458711.3873013593,2458736.8655555933,qlp_s14s15_timing/s14s15_sources.csv
142387023,15,all,2458711.387483934,2458736.865620219,qlp_s14s15_timing/s14s15_sources.csv
143008050,15,all,2458711.387274956,2458736.8655462144,qlp_s14s15_timing/s14s15_sources.csv
150388393,15,all,2458711.387749055,2458733.699203415,qlp_s14s15_timing/s14s15_sources.csv
153978165,15,all,2458711.3870757036,2458736.8654755466,qlp_s14s15_timing/s14s15_sources.csv
154014059,15,all,2458711.3870321196,2458736.865460058,qlp_s14s15_timing/s14s15_sources.csv
154067753,15,all,2458711.387129751,2458736.8654946564,qlp_s14s15_timing/s14s15_sources.csv
154105890,15,all,2458711.3868704643,2458736.8654026575,qlp_s14s15_timing/s14s15_sources.csv
154126149,15,all,2458711.3869114793,2458736.8654171834,qlp_s14s15_timing/s14s15_sources.csv
156512187,15,all,2458711.3864493784,2458733.6986306068,qlp_s14s15_timing/s14s15_sources.csv
158323182,15,all,2458711.3852132186,2458733.6980917463,qlp_s14s15_timing/s14s15_sources.csv
158617175,15,all,2458711.387204737,2458734.0114545817,qlp_s14s15_timing/s14s15_sources.csv
159098316,15,all,2458711.3850533594,2458733.698020776,qlp_s14s15_timing/s14s15_sources.csv
159303995,15,all,2458711.3850403754,2458733.6980151283,qlp_s14s15_timing/s14s15_sources.csv
159332859,15,all,2458711.3862917605,2458733.6985613722,qlp_s14s15_timing/s14s15_sources.csv
160390955,15,all,2458711.3835801,2458733.2598326653,qlp_s14s15_timing/s14s15_sources.csv
160432093,15,all,2458711.383449214,2458733.2597724246,qlp_s14s15_timing/s14s15_sources.csv
162130054,15,all,2458711.3832352725,2458733.2596753044,qlp_s14s15_timing/s14s15_sources.csv
162179096,15,all,2458711.3832778893,2458733.2596949213,qlp_s14s15_timing/s14s15_sources.csv
162289289,15,all,2458711.3833198766,2458733.2597142556,qlp_s14s15_timing/s14s15_sources.csv
163164300,15,all,2458711.383781963,2458733.2599242544,qlp_s14s15_timing/s14s15_sources.csv
165312726,15,all,2458711.3879954224,2458733.699310646,qlp_s14s15_timing/s14s15_sources.csv
165464482,15,all,2458711.3878766582,2458733.699259362,qlp_s14s15_timing/s14s15_sources.csv
165682741,15,all,2458711.3839236693,2458732.655791907,qlp_s14s15_timing/s14s15_sources.csv
165723070,15,all,2458711.3870634115,2458733.6155695915,qlp_s14s15_timing/s14s15_sources.csv
165948070,15,all,2458711.3838384403,2458732.6557515133,qlp_s14s15_timing/s14s15_sources.csv
167092385,15,all,2458711.3837974495,2458732.6557322955,qlp_s14s15_timing/s14s15_sources.csv
167403519,15,all,2458711.38377875,2458732.6557235075,qlp_s14s15_timing/s14s15_sources.csv
170440216,15,all,2458711.3845626735,2458733.2602787022,qlp_s14s15_timing/s14s15_sources.csv
184295571,15,all,2458711.384717311,2458733.697871934,qlp_s14s15_timing/s14s15_sources.csv
184468386,15,all,2458711.3846976757,2458733.697863214,qlp_s14s15_timing/s14s15_sources.csv
185598695,15,all,2458711.384498165,2458733.2602502205,qlp_s14s15_timing/s14s15_sources.csv
188646744,15,all,2458711.3842857187,2458733.2601540647,qlp_s14s15_timing/s14s15_sources.csv
188800346,15,all,2458715.072052435,2458733.697742594,qlp_s14s15_timing/s14s15_sources.csv
188814758,15,all,2458711.384312973,2458733.2601666083,qlp_s14s15_timing/s14s15_sources.csv
189322727,15,all,2458711.384285898,2458733.2601543223,qlp_s14s15_timing/s14s15_sources.csv
190479710,15,all,2458711.3837865763,2458732.655727758,qlp_s14s15_timing/s14s15_sources.csv
190822775,15,all,2458711.3838774674,2458732.6557707395,qlp_s14s15_timing/s14s15_sources.csv
193336820,15,all,2458711.3845076365,2458733.697780394,qlp_s14s15_timing/s14s15_sources.csv
193482096,15,all,2458711.3844670476,2458733.697762325,qlp_s14s15_timing/s14s15_sources.csv
193754373,15,all,2458711.384446985,2458733.697753449,qlp_s14s15_timing/s14s15_sources.csv
193765661,15,all,2458711.3843632773,2458733.2601892026,qlp_s14s15_timing/s14s15_sources.csv
193979250,15,all,2458711.384449816,2458733.6977547663,qlp_s14s15_timing/s14s15_sources.csv
194679333,15,all,2458711.384000973,2458733.2600242463,qlp_s14s15_timing/s14s15_sources.csv
195606729,15,all,2458711.3841957306,2458733.2601131173,qlp_s14s15_timing/s14s15_sources.csv
196201652,15,all,2458711.384272972,2458732.6559565626,qlp_s14s15_timing/s14s15_sources.csv
198161914,15,all,2458711.3865577104,2458733.615346702,qlp_s14s15_timing/s14s15_sources.csv
198186769,15,all,2458711.386548125,2458733.6153424187,qlp_s14s15_timing/s14s15_sources.csv
198189972,15,all,2458711.386580554,2458733.615356657,qlp_s14s15_timing/s14s15_sources.csv
199417958,15,all,2458711.3840430216,2458733.260041874,qlp_s14s15_timing/s14s15_sources.csv
202425357,15,all,2458711.38709111,2458733.6155818994,qlp_s14s15_timing/s14s15_sources.csv
202563254,15,all,2458711.3842037157,2458733.2601150405,qlp_s14s15_timing/s14s15_sources.csv
202941251,15,all,2458711.38416284,2458733.2600962743,qlp_s14s15_timing/s14s15_sources.csv
203189770,15,all,2458711.3841834017,2458733.2601059624,qlp_s14s15_timing/s14s15_sources.csv
207425167,15,all,2458711.386737351,2458733.6154257464,qlp_s14s15_timing/s14s15_sources.csv
207491214,15,all,2458711.386648509,2458733.6153864693,qlp_s14s15_timing/s14s15_sources.csv
219015370,15,all,2458711.3867526515,2458733.698764054,qlp_s14s15_timing/s14s15_sources.csv
219016883,15,all,2458711.3868162227,2458733.698791984,qlp_s14s15_timing/s14s15_sources.csv
219436394,15,all,2458711.3866280504,2458733.698708931,qlp_s14s15_timing/s14s15_sources.csv
219809549,15,all,2458711.385973223,2458733.698421515,qlp_s14s15_timing/s14s15_sources.csv
219852584,15,all,2458711.386199096,2458733.698520948,qlp_s14s15_timing/s14s15_sources.csv
219854185,15,all,2458711.386166375,2458733.6985065746,qlp_s14s15_timing/s14s15_sources.csv
219854519,15,all,2458711.3861822053,2458733.6985135307,qlp_s14s15_timing/s14s15_sources.csv
219866209,15,all,2458711.3861474493,2458733.698498226,qlp_s14s15_timing/s14s15_sources.csv
224635135,15,all,2458711.3836746765,2458733.2598730954,qlp_s14s15_timing/s14s15_sources.csv
229400092,15,all,2458711.3852842283,2458732.6564411838,qlp_s14s15_timing/s14s15_sources.csv
229490898,15,all,2458711.3852419723,2458732.6564214234,qlp_s14s15_timing/s14s15_sources.csv
229508727,15,all,2458711.385213857,2458732.6564082396,qlp_s14s15_timing/s14s15_sources.csv
229510866,15,all,2458711.3852083897,2458732.6564056757,qlp_s14s15_timing/s14s15_sources.csv
229605891,15,all,2458711.3858373463,2458733.698361662,qlp_s14s15_timing/s14s15_sources.csv
229639351,15,all,2458711.3857429745,2458733.6983201858,qlp_s14s15_timing/s14s15_sources.csv
229671380,15,all,2458711.3861788274,2458733.6985119856,qlp_s14s15_timing/s14s15_sources.csv
229715760,15,all,2458711.3857077817,2458733.6983047095,qlp_s14s15_timing/s14s15_sources.csv
229750058,15,all,2458711.38563145,2458733.6982710273,qlp_s14s15_timing/s14s15_sources.csv
229791084,15,all,2458711.3855879726,2458733.6982519156,qlp_s14s15_timing/s14s15_sources.csv
230001847,15,all,2458711.3853002675,2458732.6564486437,qlp_s14s15_timing/s14s15_sources.csv
230084146,15,all,2458711.386458839,2458733.615303077,qlp_s14s15_timing/s14s15_sources.csv
230375747,15,all,2458711.385496506,2458732.656540651,qlp_s14s15_timing/s14s15_sources.csv
230840853,15,all,2458711.383814036,2458733.2599380133,qlp_s14s15_timing/s14s15_sources.csv
230856987,15,all,2458711.3839057595,2458733.2599804346,qlp_s14s15_timing/s14s15_sources.csv
232603560,15,all,2458711.3862667894,2458733.6985504203,qlp_s14s15_timing/s14s15_sources.csv
232608943,15,all,2458711.3861952694,2458733.6985191824,qlp_s14s15_timing/s14s15_sources.csv
232628532,15,all,2458711.3859242294,2458733.698399486,qlp_s14s15_timing/s14s15_sources.csv
232641326,15,all,2458711.385515478,2458733.698225864,qlp_s14s15_timing/s14s15_sources.csv
232941965,15,all,2458711.3839461915,2458733.259998823,qlp_s14s15_timing/s14s15_sources.csv
232982938,15,all,2458711.386477307,2458733.698643245,qlp_s14s15_timing/s14s15_sources.csv
233047097,15,all,2458711.385932302,2458733.698403257,qlp_s14s15_timing/s14s15_sources.csv
233053554,15,all,2458711.3859144067,2458733.698395596,qlp_s14s15_timing/s14s15_sources.csv
233068569,15,all,2458711.3858773396,2458733.698379229,qlp_s14s15_timing/s14s15_sources.csv
233070717,15,all,2458711.3858691053,2458733.6983755887,qlp_s14s15_timing/s14s15_sources.csv
233078665,15,all,2458711.385846035,2458733.698365381,qlp_s14s15_timing/s14s15_sources.csv
233188747,15,all,2458711.3866977706,2458733.698739975,qlp_s14s15_timing/s14s15_sources.csv
233409941,15,all,2458711.3849523608,2458732.656285508,qlp_s14s15_timing/s14s15_sources.csv
233415701,15,all,2458715.0724582537,2458733.6979397642,qlp_s14s15_timing/s14s15_sources.csv
233462817,15,all,2458711.3877372593,2458734.0116831134,qlp_s14s15_timing/s14s15_sources.csv
233719215,15,all,2458711.385715201,2458733.698314164,qlp_s14s15_timing/s14s15_sources.csv
233788275,15,all,2458715.0724112326,2458733.697916932,qlp_s14s15_timing/s14s15_sources.csv
233795794,15,all,2458711.384901062,2458732.656261422,qlp_s14s15_timing/s14s15_sources.csv
233823679,15,all,2458715.0723776193,2458733.697900609,qlp_s14s15_timing/s14s15_sources.csv
233948455,15,all,2458711.384872143,2458732.6562478775,qlp_s14s15_timing/s14s15_sources.csv
233953967,15,all,2458715.0723761288,2458733.697900069,qlp_s14s15_timing/s14s15_sources.csv
235684964,15,all,2458711.385630653,2458733.698270617,qlp_s14s15_timing/s14s15_sources.csv
235711993,15,all,2458711.3860729923,2458733.698465211,qlp_s14s15_timing/s14s15_sources.csv
236632480,15,all,2458711.383754059,2458733.259911091,qlp_s14s15_timing/s14s15_sources.csv
236638487,15,all,2458711.383295398,2458733.2597027346,qlp_s14s15_timing/s14s15_sources.csv
236815160,15,all,2458711.385485537,2458733.698212918,qlp_s14s15_timing/s14s15_sources.csv
236887394,15,all,2458711.3850919693,2458732.6563510876,qlp_s14s15_timing/s14s15_sources.csv
237015185,15,all,2458711.384976334,2458732.6562968353,qlp_s14s15_timing/s14s15_sources.csv
237019002,15,all,2458711.38487709,2458732.65625023,qlp_s14s15_timing/s14s15_sources.csv
237071229,15,all,2458711.3849055413,2458732.6562636015,qlp_s14s15_timing/s14s15_sources.csv
237077180,15,all,2458711.3849059395,2458732.656263789,qlp_s14s15_timing/s14s15_sources.csv
237104103,15,all,2458711.3864662033,2458733.698638362,qlp_s14s15_timing/s14s15_sources.csv
239332587,15,all,2458711.384225807,2458732.6559342793,qlp_s14s15_timing/s14s15_sources.csv
239361732,15,all,2458711.384181854,2458733.2601069123,qlp_s14s15_timing/s14s15_sources.csv
239585909,15,all,2458711.3836060674,2458733.259844413,qlp_s14s15_timing/s14s15_sources.csv
239628993,15,all,2458711.383357179,2458733.259730576,qlp_s14s15_timing/s14s15_sources.csv
240450679,15,all,2458711.3839503108,2458732.6558050374,qlp_s14s15_timing/s14s15_sources.csv
240535286,15,all,2458711.383845543,2458732.655755565,qlp_s14s15_timing/s14s15_sources.csv
243297296,15,all,2458711.3853411516,2458733.698149283,qlp_s14s15_timing/s14s15_sources.csv
243335710,15,all,2458711.3852997343,2458733.698131009,qlp_s14s15_timing/s14s15_sources.csv
247172524,15,all,2458711.3837564634,2458733.2599118664,qlp_s14s15_timing/s14s15_sources.csv
247283596,15,all,2458711.383646613,2458733.2598611536,qlp_s14s15_timing/s14s15_sources.csv
247356332,15,all,2458711.3839327907,2458733.259991741,qlp_s14s15_timing/s14s15_sources.csv
257060897,15,all,2458711.3866005354,2458733.698697255,qlp_s14s15_timing/s14s15_sources.csv
258389327,15,all,2458711.385367123,2458732.6564800623,qlp_s14s15_timing/s14s15_sources.csv
258510872,15,all,2458711.3850964103,2458732.656353167,qlp_s14s15_timing/s14s15_sources.csv
258920431,15,all,2458711.385458103,2458732.656522716,qlp_s14s15_timing/s14s15_sources.csv
259274960,15,all,2458711.3853343218,2458732.6564647187,qlp_s14s15_timing/s14s15_sources.csv
260761464,15,all,2458711.3836180777,2458732.6556480937,qlp_s14s15_timing/s14s15_sources.csv
265242905,15,all,2458715.072147471,2458733.69778893,qlp_s14s15_timing/s14s15_sources.csv
265979849,15,all,2458711.383590357,2458733.259834826,qlp_s14s15_timing/s14s15_sources.csv
267373896,15,all,2458715.071878357,2458733.6976586045,qlp_s14s15_timing/s14s15_sources.csv
267810289,15,all,2458711.385179202,2458733.6980777755,qlp_s14s15_timing/s14s15_sources.csv
267861788,15,all,2458715.0723126763,2458733.6978696687,qlp_s14s15_timing/s14s15_sources.csv
268604331,15,all,2458711.3846564763,2458733.697845591,qlp_s14s15_timing/s14s15_sources.csv
268823307,15,all,2458711.3846558942,2458733.697845412,qlp_s14s15_timing/s14s15_sources.csv
269488987,15,all,2458711.3839488723,2458732.655803615,qlp_s14s15_timing/s14s15_sources.csv
272672133,15,all,2458711.3866816796,2458733.6154014445,qlp_s14s15_timing/s14s15_sources.csv
272758199,15,all,2458711.386498918,2458733.698652707,qlp_s14s15_timing/s14s15_sources.csv
272785423,15,all,2458711.3866029317,2458733.6153666996,qlp_s14s15_timing/s14s15_sources.csv
273780062,15,all,2458711.3846708518,2458733.697851786,qlp_s14s15_timing/s14s15_sources.csv
274075364,15,all,2458711.38433279,2458733.2601748663,qlp_s14s15_timing/s14s15_sources.csv
274641986,15,all,2458711.384423921,2458733.260215789,qlp_s14s15_timing/s14s15_sources.csv
275527293,15,all,2458711.3843905036,2458733.2602013685,qlp_s14s15_timing/s14s15_sources.csv
275722992,15,all,2458711.384006642,2458732.655831368,qlp_s14s15_timing/s14s15_sources.csv
275758701,15,all,2458711.38441108,2458733.260210924,qlp_s14s15_timing/s14s15_sources.csv
275887811,15,all,2458711.3843965163,2458733.2602042207,qlp_s14s15_timing/s14s15_sources.csv
276376289,15,all,2458711.384102056,2458732.6558759743,qlp_s14s15_timing/s14s15_sources.csv
276381737,15,all,2458715.072356467,2458733.697890714,qlp_s14s15_timing/s14s15_sources.csv
276385231,15,all,2458715.072328768,2458733.6978772385,qlp_s14s15_timing/s14s15_sources.csv
276704866,15,all,2458711.3845340526,2458733.6977921855,qlp_s14s15_timing/s14s15_sources.csv
277447970,15,all,2458715.071897899,2458733.697668427,qlp_s14s15_timing/s14s15_sources.csv
277505161,15,all,2458715.0723104225,2458733.6978684873,qlp_s14s15_timing/s14s15_sources.csv
277566483,15,all,2458715.072175076,2458733.6978026773,qlp_s14s15_timing/s14s15_sources.csv
278668358,15,all,2458715.0720858043,2458733.6977587696,qlp_s14s15_timing/s14s15_sources.csv
279179610,15,all,2458711.3842105702,2458732.6559273484,qlp_s14s15_timing/s14s15_sources.csv
282935857,15,all,2458711.3836992504,2458733.259885024,qlp_s14s15_timing/s14s15_sources.csv
283471501,15,all,2458711.3839938627,2458732.6558248512,qlp_s14s15_timing/s14s15_sources.csv
284475976,15,all,2458711.385182112,2458733.698078843,qlp_s14s15_timing/s14s15_sources.csv
284679064,15,all,2458711.387673565,2458733.699170454,qlp_s14s15_timing/s14s15_sources.csv
286080865,15,all,2458715.07209508,2458733.6977635995,qlp_s14s15_timing/s14s15_sources.csv
286094277,15,all,2458715.0720077003,2458733.6977209807,qlp_s14s15_timing/s14s15_sources.csv
287191183,15,all,2458711.385118917,2458733.6980509064,qlp_s14s15_timing/s14s15_sources.csv
287591638,15,all,2458711.383454894,2458733.2597757457,qlp_s14s15_timing/s14s15_sources.csv
287768299,15,all,2458711.383408946,2458733.259754693,qlp_s14s15_timing/s14s15_sources.csv
288636342,15,all,2458711.3857815876,2458733.698337029,qlp_s14s15_timing/s14s15_sources.csv
289100911,15,all,2458715.0720195174,2458733.697727226,qlp_s14s15_timing/s14s15_sources.csv
289895191,15,all,2458715.071879483,2458733.697659058,qlp_s14s15_timing/s14s15_sources.csv
290308758,15,all,2458715.0721533024,2458733.697791643,qlp_s14s15_timing/s14s15_sources.csv
293687315,15,all,2458711.387334056,2458734.0115101803,qlp_s14s15_timing/s14s15_sources.csv
294179385,15,all,2458711.384823366,2458733.6979203923,qlp_s14s15_timing/s14s15_sources.csv
294594423,15,all,2458711.3846541494,2458733.697845182,qlp_s14s15_timing/s14s15_sources.csv
298189225,15,all,2458711.383873407,2458733.259963715,qlp_s14s15_timing/s14s15_sources.csv
298189384,15,all,2458711.3838730683,2458733.259963549,qlp_s14s15_timing/s14s15_sources.csv
298297931,15,all,2458711.3839563243,2458733.2600023835,qlp_s14s15_timing/s14s15_sources.csv
298829544,15,all,2458711.3852435467,2458733.698105625,qlp_s14s15_timing/s14s15_sources.csv
303456821,15,all,2458715.0721978457,2458733.697813527,qlp_s14s15_timing/s14s15_sources.csv
304514922,15,all,2458711.384008484,2458732.655831929,qlp_s14s15_timing/s14s15_sources.csv
307956397,15,all,2458711.3862511115,2458733.6985437144,qlp_s14s15_timing/s14s15_sources.csv
310994622,15,all,2458711.3872547965,2458736.865539023,qlp_s14s15_timing/s14s15_sources.csv
313408643,15,all,2458711.3840889875,2458733.2600636827,qlp_s14s15_timing/s14s15_sources.csv
313453776,15,all,2458711.3867501756,2458736.865359979,qlp_s14s15_timing/s14s15_sources.csv
313975346,15,all,2458715.072102907,2458733.6977680214,qlp_s14s15_timing/s14s15_sources.csv
314649737,15,all,2458711.3835377805,2458733.259813572,qlp_s14s15_timing/s14s15_sources.csv
315907220,15,all,2458715.072064503,2458733.697749462,qlp_s14s15_timing/s14s15_sources.csv
316038054,15,all,2458715.0719903973,2458733.69771345,qlp_s14s15_timing/s14s15_sources.csv
320208949,15,all,2458711.388220871,2458733.6994093214,qlp_s14s15_timing/s14s15_sources.csv
322498101,15,all,2458715.072086497,2458733.697759287,qlp_s14s15_timing/s14s15_sources.csv
322504451,15,all,2458715.072040412,2458733.697736799,qlp_s14s15_timing/s14s15_sources.csv
326203952,15,all,2458711.383227892,2458733.2596713905,qlp_s14s15_timing/s14s15_sources.csv
335655755,15,all,2458711.386444864,2458733.698628539,qlp_s14s15_timing/s14s15_sources.csv
343726435,15,all,2458715.072120622,2458733.697776526,qlp_s14s15_timing/s14s15_sources.csv
351864831,15,all,2458715.0723181297,2458733.697871777,qlp_s14s15_timing/s14s15_sources.csv
352151292,15,all,2458715.0722847274,2458733.6978555145,qlp_s14s15_timing/s14s15_sources.csv
352442207,15,all,2458711.3849502183,2458733.697976445,qlp_s14s15_timing/s14s15_sources.csv
352892371,15,all,2458711.3837823085,2458732.655725458,qlp_s14s15_timing/s14s15_sources.csv
353807936,15,all,2458711.3858831637,2458733.6983813564,qlp_s14s15_timing/s14s15_sources.csv
355748785,15,all,2458711.3845322323,2458733.2602653694,qlp_s14s15_timing/s14s15_sources.csv
357872559,15,all,2458711.3841810045,2458732.655913607,qlp_s14s15_timing/s14s15_sources.csv
372178596,15,all,2458711.383643385,2458732.655659937,qlp_s14s15_timing/s14s15_sources.csv
373816781,15,all,2458711.383783418,2458732.6557259103,qlp_s14s15_timing/s14s15_sources.csv
377253700,15,all,2458711.3854126725,2458733.698180809,qlp_s14s15_timing/s14s15_sources.csv
377297285,15,all,2458711.3853155924,2458733.6981376163,qlp_s14s15_timing/s14s15_sources.csv
378159598,15,all,2458711.3847956955,2458733.6979067167,qlp_s14s15_timing/s14s15_sources.csv
383645563,15,all,2458711.3856363553,2458733.698279412,qlp_s14s15_timing/s14s15_sources.csv
387259626,15,all,2458711.3850268084,2458732.656320503,qlp_s14s15_timing/s14s15_sources.csv
387329912,15,all,2458711.3850860447,2458732.65634825,qlp_s14s15_timing/s14s15_sources.csv
387330895,15,all,2458711.385039747,2458732.6563265524,qlp_s14s15_timing/s14s15_sources.csv
387933822,15,all,2458711.3840401955,2458732.6558475015,qlp_s14s15_timing/s14s15_sources.csv
389968080,15,all,2458711.3856464517,2458733.6982834726,qlp_s14s15_timing/s14s15_sources.csv
395171208,15,all,2458711.3839693577,2458732.6558140805,qlp_s14s15_timing/s14s15_sources.csv
400432230,15,all,2458711.3850636124,2458733.698026639,qlp_s14s15_timing/s14s15_sources.csv
405717754,15,all,2458711.385267884,2458733.6981161074,qlp_s14s15_timing/s14s15_sources.csv
405897415,15,all,2458711.384790129,2458733.6979056117,qlp_s14s15_timing/s14s15_sources.csv
405932063,15,all,2458711.384766722,2458733.6978952596,qlp_s14s15_timing/s14s15_sources.csv
406361982,15,all,2458711.383944217,2458733.2599965427,qlp_s14s15_timing/s14s15_sources.csv
406926040,15,all,2458711.385318596,2458733.6981390915,qlp_s14s15_timing/s14s15_sources.csv
407653728,15,all,2458711.383621104,2458732.655649534,qlp_s14s15_timing/s14s15_sources.csv
407658979,15,all,2458711.383512441,2458733.259802128,qlp_s14s15_timing/s14s15_sources.csv
407694390,15,all,2458711.3836865425,2458732.655680524,qlp_s14s15_timing/s14s15_sources.csv
416542079,15,all,2458711.388128895,2458733.6993690487,qlp_s14s15_timing/s14s15_sources.csv
417047499,15,all,2458711.384428515,2458733.260218722,qlp_s14s15_timing/s14s15_sources.csv
420112217,15,all,2458711.385562404,2458733.6982405954,qlp_s14s15_timing/s14s15_sources.csv
420114036,15,all,2458711.385543851,2458733.698232431,qlp_s14s15_timing/s14s15_sources.csv
421336001,15,all,2458711.385100776,2458732.6563551044,qlp_s14s15_timing/s14s15_sources.csv
427041513,15,all,2458711.3841844397,2458733.260106514,qlp_s14s15_timing/s14s15_sources.csv
429036977,15,all,2458711.3836901668,2458733.2598821516,qlp_s14s15_timing/s14s15_sources.csv
436007113,15,all,2458711.3840892543,2458733.2600627644,qlp_s14s15_timing/s14s15_sources.csv
436166416,15,all,2458711.384026588,2458733.260033936,qlp_s14s15_timing/s14s15_sources.csv
436314778,15,all,2458711.3839751706,2458733.2600103263,qlp_s14s15_timing/s14s15_sources.csv
441658213,15,all,2458711.3876270726,2458734.0116359224,qlp_s14s15_timing/s14s15_sources.csv
441763252,15,all,2458711.386066546,2458733.6984626474,qlp_s14s15_timing/s14s15_sources.csv
441797803,15,all,2458711.385994095,2458733.69843076,qlp_s14s15_timing/s14s15_sources.csv
452658846,15,all,2458711.3836028473,2458733.2598421625,qlp_s14s15_timing/s14s15_sources.csv
458481611,15,all,2458711.386789075,2458733.6154488088,qlp_s14s15_timing/s14s15_sources.csv
467265105,15,all,2458711.3848389257,2458732.656232328,qlp_s14s15_timing/s14s15_sources.csv
950525831,15,all,2458711.3878709064,2458734.1783974874,qlp_s14s15_timing/s14s15_sources.csv
1271152446,15,all,2458711.3856335348,2458733.698586023,qlp_s14s15_timing/s14s15_sources.csv
1718201850,15,all,2458711.385576644,2458733.6982469154,qlp_s14s15_timing/s14s15_sources.csv
1980725947,15,all,2458711.3849160536,2458732.6562684844,qlp_s14s15_timing/s14s15_sources.csv
272829240,85,1,2460613.0999423815,2460624.1539324285,autottv_results_v2/data_cache/TIC_272829240/sector_085.npz
272829240,85,2,2460629.9777646684,2460635.9983395636,autottv_results_v2/data_cache/TIC_272829240/sector_085.npz
18885659,80,1,2460479.8895346075,2460506.340604629,rebuild_table2/qlp_audit/fits/TIC18885659_s080.fits
18885659,80,all,2460479.8895346075,2460506.340604629,rebuild_table2/qlp_audit/fits/TIC18885659_s080.fits
24499407,80,1,2460479.9056582055,2460484.745954263,autottv_results_v2/data_cache/TIC_24499407/sector_080.npz
24499407,80,2,2460489.0144469733,2460506.33122046,autottv_results_v2/data_cache/TIC_24499407/sector_080.npz
24499407,80,all,2460479.9056582055,2460506.33122046,autottv_results_v2/data_cache/TIC_24499407/sector_080.npz
44388479,80,1,2460479.9056518655,2460484.7459100313,autottv_results_v2/data_cache/TIC_44388479/sector_080.npz
44388479,80,2,2460489.0143709113,2460506.3310210193,autottv_results_v2/data_cache/TIC_44388479/sector_080.npz
44388479,80,all,2460479.9056518655,2460506.3310210193,autottv_results_v2/data_cache/TIC_44388479/sector_080.npz
62682198,80,1,2460479.898827449,2460484.808546875,autottv_results_v2/data_cache/TIC_62682198/sector_080.npz
62682198,80,2,2460489.4936790057,2460506.3312045196,autottv_results_v2/data_cache/TIC_62682198/sector_080.npz
62682198,80,all,2460479.898827449,2460506.3312045196,autottv_results_v2/data_cache/TIC_62682198/sector_080.npz
277499689,80,1,2460479.9056702983,2460484.745939423,autottv_results_v2/data_cache/TIC_277499689/sector_080.npz
277499689,80,2,2460489.0144092566,2460506.3310933257,autottv_results_v2/data_cache/TIC_277499689/sector_080.npz
277499689,80,all,2460479.9056702983,2460506.3310933257,autottv_results_v2/data_cache/TIC_277499689/sector_080.npz
310586478,80,1,2460479.889160286,2460506.340740307,rebuild_table2/qlp_audit/fits/TIC310586478_s080.fits
310586478,80,all,2460479.889160286,2460506.340740307,rebuild_table2/qlp_audit/fits/TIC310586478_s080.fits
317849098,80,1,2460479.9056244846,2460484.7459465424,autottv_results_v2/data_cache/TIC_317849098/sector_080.npz
317849098,80,2,2460489.0144615513,2460506.3313231696,autottv_results_v2/data_cache/TIC_317849098/sector_080.npz
317849098,80,all,2460479.9056244846,2460506.3313231696,autottv_results_v2/data_cache/TIC_317849098/sector_080.npz
329821992,80,1,2460479.9216668718,2460484.5837996253,autottv_results_v2/data_cache/TIC_329821992/sector_080.npz
329821992,80,2,2460489.042179363,2460506.319880701,autottv_results_v2/data_cache/TIC_329821992/sector_080.npz
329821992,80,all,2460479.9216668718,2460506.319880701,autottv_results_v2/data_cache/TIC_329821992/sector_080.npz
415377888,80,1,2460479.8894569543,2460506.3406995656,rebuild_table2/qlp_audit/fits/TIC415377888_s080.fits
415377888,80,all,2460479.8894569543,2460506.3406995656,rebuild_table2/qlp_audit/fits/TIC415377888_s080.fits
