TOI,TIC_ID
131.01,235037761
139.01,62483237
140.01,140068425
186.01,279741379
200.01,410214986
251.01,224225541
359.01,80432617
451.03,257605131
684.01,462162948
712.02,150151262
712.04,150151262
783.01,451645081
835.01,405700729
887.01,437984134
893.01,123958679
942.01,146520535
1059.01,380783252
1063.01,406976746
1098.01,383390264
1099.01,290348383
1103.01,351603103
1136.01,142276270
1136.02,142276270
1136.03,142276270
1136.04,142276270
1149.01,117789567
1154.01,459970307
1212.01,389924075
1220.01,319259194
1287.01,352764091
1327.01,312083267
1413.01,119700084
1417.01,164173105
1434.01,138588540
1475.01,431514478
1490.01,283474780
1554.01,299158887
1643.01,298647682
1670.03,441739020
1687.01,103448870
1726.01,130181866
1726.02,130181866
1762.01,435680451
1835.01,347332255
1986.01,468997317
2035.01,53709089
2048.01,159873822
2056.01,396356111
2076.01,27491137
2090.01,233721037
2091.01,219778329
2112.01,427320001
2207.01,90850770
2221.01,441420236
2242.01,92562123
2281.01,264171144
2327.01,177308364
2359.01,436102447
2507.01,354519019
2516.01,295947393
2521.01,72556406
2597.01,220139435
2742.01,282102605
2984.01,168405330
3353.01,391903064
3353.02,391903064
3717.01,348099535
3722.01,346015394
3766.01,9830791
3767.01,274545328
4176.01,58533991
4185.01,152563846
4352.01,237332812
4399.01,464646604
4489.01,267572272
4504.01,349972412
5036.01,406726743
5077.01,87873211
5082.01,437011608
5088.01,234388232
5088.02,234388232
5099.01,91481801
5117.01,26469462
5126.02,27064468
5140.01,175193677
5169.01,350023518
5208.01,110738386
5285.01,250330564
5299.01,407997410
5315.01,126982221
5317.01,408824640
5625.01,137020480
5655.01,282940781
5677.01,287959034
5703.01,10792081
5705.01,165625229
5741.01,159851831
5783.01,319684122
5794.01,273874849
5922.01,364192929
5947.01,331691841
6025.01,439942982
6109.01,384984325
6238.01,125489084
6551.01,166527623
6657.01,96475638
6678.01,253864764
6706.01,411731278
6715.01,460950389
6726.01,121490076
6909.01,252913663
6957.01,30853990
6963.01,56658270
6998.01,350733403
7085.01,364571121
7187.01,350064389
7192.01,123234747
7248.01,358975793
7261.01,297413553
7279.01,41067039
7388.01,124573902
7490.01,250977648
7535.01,60527976
7567.01,5370009
7636.01,97715482
